source_run,combo_name,feature_subset,random_state,channels,n_features_pre_corr,n_features_post_corr,ElasticNet_train_score,L1LogisticRegression_train_score,L2LogisticRegression_train_score,SimpleLogisticRegression_train_score,SupportVectorClassifier_train_score,ElasticNet_test_score,L1LogisticRegression_test_score,L2LogisticRegression_test_score,SimpleLogisticRegression_test_score,SupportVectorClassifier_test_score
dynamix_components_1,original4ch,dynamix_mlp1_std_mean,29,"F7,P8,T7,O2",163,5,127.036014388447,126.28194221854503,90.4856310445291,136.38130227962128,131.446249640951,100.0,100.0,125.0,160.0,133.33333333333331
dynamix_components_1,original4ch,dynamix_mlp1_std_mean,58,"F7,P8,T7,O2",163,5,135.15281776562847,137.24569101617197,136.48003555640975,138.0067903819225,127.31324552995743,90.9090909090909,100.0,100.0,100.0,109.09090909090908
dynamix_components_1,original4ch,dynamix_mlp1_std_mean,87,"F7,P8,T7,O2",163,5,134.5937199692485,139.25201754422616,136.88207643881995,139.71632952142994,134.16536329119384,100.0,100.0,100.0,100.0,111.11111111111111
dynamix_components_1,original4ch,dynamix_mlp1_std_mean,116,"F7,P8,T7,O2",163,5,133.29455362290986,133.79054444434027,133.29455362290986,133.29455362290986,125.73132277012562,150.0,160.0,150.0,150.0,171.42857142857142
dynamix_components_1,original4ch,dynamix_mlp1_std_mean,145,"F7,P8,T7,O2",163,5,138.17593159494703,135.87841573140153,135.3734775905544,138.58495817324913,133.10413205980066,80.0,100.0,88.88888888888889,100.0,109.09090909090908
dynamix_components_1,original4ch,dynamix_mlp1_std_mean,174,"F7,P8,T7,O2",163,5,132.31236786469344,133.07394751319427,143.0605050170453,133.3658667853404,130.88712287069913,111.11111111111111,125.0,160.0,125.0,100.0
dynamix_components_1,original4ch,dynamix_mlp1_std_mean,203,"F7,P8,T7,O2",163,5,136.78955542834666,136.3166339474479,136.78955542834666,136.78955542834666,133.48549611463966,100.0,100.0,100.0,100.0,111.11111111111111
dynamix_components_1,original4ch,dynamix_mlp1_std_mean,232,"F7,P8,T7,O2",163,5,132.91106608774018,126.60800578159382,129.16863574182315,128.02628482928645,127.31008620574879,66.66666666666666,66.66666666666666,100.0,200.0,166.66666666666669
dynamix_components_1,original4ch,dynamix_mlp1_std_mean,261,"F7,P8,T7,O2",163,5,139.9290112942763,140.47605146340948,131.06844608879493,139.9290112942763,136.62056636893362,88.88888888888889,88.88888888888889,85.71428571428571,88.88888888888889,90.9090909090909
dynamix_components_1,original4ch,dynamix_mlp1_std_mean,290,"F7,P8,T7,O2",163,5,128.2312701355711,129.85522523901685,128.2312701355711,128.8515466415683,125.6616791761648,171.42857142857142,171.42857142857142,171.42857142857142,171.42857142857142,171.42857142857142
dynamix_components_1,original4ch,dynamix_mlp1_std_mean,319,"F7,P8,T7,O2",163,5,132.87400297905054,131.2319713465456,132.87400297905054,132.87400297905054,129.41312032948372,133.33333333333331,133.33333333333331,133.33333333333331,133.33333333333331,100.0
dynamix_components_1,original4ch,dynamix_mlp1_std_mean,348,"F7,P8,T7,O2",163,5,134.52038176128903,134.81906901238298,134.52038176128903,134.52038176128903,131.87881971183265,125.0,125.0,125.0,125.0,111.11111111111111
dynamix_components_1,original4ch,dynamix_mlp1_std_mean,377,"F7,P8,T7,O2",163,5,132.85926172066365,132.19551429359313,136.22638081395348,134.88470388800084,116.12176412472037,111.11111111111111,114.28571428571428,100.0,114.28571428571428,90.9090909090909
dynamix_components_1,original4ch,dynamix_mlp1_std_mean,406,"F7,P8,T7,O2",163,5,129.24211784171337,132.41869239318453,132.7544466403162,132.7544466403162,125.35708620052438,142.85714285714286,166.66666666666669,166.66666666666669,166.66666666666669,120.0
dynamix_components_1,original4ch,dynamix_mlp1_std_mean,435,"F7,P8,T7,O2",163,5,129.78351125169195,128.1867905481767,146.03991024122132,131.15520728008087,134.2670249715648,120.0,100.0,133.33333333333331,120.0,150.0
dynamix_components_1,original4ch,dynamix_mlp1_std_mean,464,"F7,P8,T7,O2",163,5,136.3484273201881,132.97832980972515,134.87317952358725,132.1807178284143,135.53108280838762,100.0,100.0,114.28571428571428,100.0,75.0
dynamix_components_1,original4ch,dynamix_mlp1_std_mean,493,"F7,P8,T7,O2",163,5,136.90706295441652,137.65199174897344,122.96147867180699,136.9272733306929,132.76558830874177,100.0,80.0,66.66666666666666,80.0,100.0
dynamix_components_1,original4ch,dynamix_mlp1_std_mean,522,"F7,P8,T7,O2",163,5,126.1655531934451,126.52285962123324,125.89164479477287,135.694916812207,133.12424898594557,114.28571428571428,100.0,120.0,100.0,114.28571428571428
dynamix_components_1,original4ch,dynamix_mlp1_std_mean,551,"F7,P8,T7,O2",163,5,135.77979275527304,138.53224207309108,135.77979275527304,135.77979275527304,132.55371647935908,125.0,125.0,125.0,125.0,133.33333333333331
dynamix_components_1,original4ch,dynamix_mlp1_std_mean,580,"F7,P8,T7,O2",163,5,132.5091293484528,132.93670718816068,142.96186286353864,133.91642902797582,130.7317805945942,114.28571428571428,114.28571428571428,85.71428571428571,114.28571428571428,100.0
dynamix_components_1,original4ch,dynamix_mlp1_std_mean,609,"F7,P8,T7,O2",163,5,135.1936067443382,136.00195874928298,135.1936067443382,135.1936067443382,134.36577626918537,133.33333333333331,133.33333333333331,133.33333333333331,133.33333333333331,100.0
dynamix_components_1,original4ch,dynamix_mlp1_std_mean,638,"F7,P8,T7,O2",163,5,124.53384961853112,124.16914050422415,132.9406812677294,132.9406812677294,130.7232348484224,150.0,133.33333333333331,142.85714285714286,142.85714285714286,125.0
dynamix_components_1,original4ch,dynamix_mlp1_std_mean,667,"F7,P8,T7,O2",163,5,130.730051409853,131.4197977100644,132.7310202436593,139.99396594383802,137.18828752142824,75.0,75.0,80.0,66.66666666666666,85.71428571428571
dynamix_components_1,original4ch,dynamix_mlp1_std_mean,696,"F7,P8,T7,O2",163,5,128.42492369684336,132.83134844134995,127.82351928729943,132.83134844134995,125.92223052707885,166.66666666666669,142.85714285714286,166.66666666666669,142.85714285714286,150.0
dynamix_components_1,original4ch,dynamix_mlp1_std_mean,725,"F7,P8,T7,O2",163,5,124.49690796048604,127.19701755085012,124.35917995025937,126.75584021640644,127.4638066366041,200.0,200.0,200.0,200.0,125.0
dynamix_components_1,original4ch,dynamix_mlp1_std_mean,754,"F7,P8,T7,O2",163,5,132.68793942671715,133.3922986307414,132.68793942671715,132.68793942671715,126.1269450031441,166.66666666666669,166.66666666666669,166.66666666666669,166.66666666666669,150.0
dynamix_components_1,original4ch,dynamix_mlp1_std_mean,783,"F7,P8,T7,O2",163,5,134.63003725571082,134.63003725571082,134.63003725571082,134.63003725571082,132.6982096150943,125.0,125.0,125.0,125.0,90.9090909090909
dynamix_components_1,original4ch,dynamix_mlp1_std_mean,812,"F7,P8,T7,O2",163,5,134.75233247541132,136.15117199160878,136.16498631853014,135.3397765025672,130.90566879823433,133.33333333333331,133.33333333333331,160.0,142.85714285714286,125.0
dynamix_components_1,original4ch,dynamix_mlp1_std_mean,841,"F7,P8,T7,O2",163,5,133.9675567747929,133.9675567747929,119.32251984522716,133.41722075088447,128.37959041195705,142.85714285714286,142.85714285714286,142.85714285714286,150.0,125.0
dynamix_components_1,original4ch,dynamix_mlp1_std_mean,870,"F7,P8,T7,O2",163,5,131.24297012055237,135.37147745271224,130.98847695158585,132.13228631833283,131.75785696861277,142.85714285714286,125.0,142.85714285714286,125.0,125.0
dynamix_components_1,original4ch,dynamix_mlp1_std_mean,899,"F7,P8,T7,O2",163,5,130.33805534347206,134.39534555434454,130.44403085781116,134.39534555434454,129.2268199261354,166.66666666666669,142.85714285714286,166.66666666666669,142.85714285714286,120.0
dynamix_components_1,original4ch,dynamix_mlp1_std_mean,928,"F7,P8,T7,O2",163,5,126.9397209246828,126.9265730513226,136.87508452151806,134.9560506480375,131.2874140449283,85.71428571428571,100.0,100.0,114.28571428571428,120.0
dynamix_components_1,original4ch,dynamix_mlp1_std_mean,957,"F7,P8,T7,O2",163,5,129.00401988972507,131.9677421293312,128.6700268169888,132.9155425680027,127.67479255222514,142.85714285714286,142.85714285714286,142.85714285714286,142.85714285714286,120.0
dynamix_components_1,original4ch,dynamix_mlp1_std_mean,986,"F7,P8,T7,O2",163,5,133.54400582422116,134.1797452765545,128.47140902441362,134.5344873690211,130.41990488817453,125.0,133.33333333333331,125.0,120.0,120.0
dynamix_components_1,original4ch,dynamix_mlp1_std_mean,1015,"F7,P8,T7,O2",163,5,135.13930836605257,132.31518311907593,131.52209503869352,131.52209503869352,113.96830297387972,120.0,133.33333333333331,133.33333333333331,133.33333333333331,100.0
dynamix_components_1,original4ch,dynamix_mlp1_std_mean,1044,"F7,P8,T7,O2",163,5,134.17916318403067,134.06258820149247,134.17916318403067,134.17916318403067,131.15060697780248,125.0,125.0,125.0,125.0,111.11111111111111
dynamix_components_1,original4ch,dynamix_mlp1_std_mean,1073,"F7,P8,T7,O2",163,5,132.11485715784727,133.93332337531024,132.8305631775449,133.1062764792887,131.51164804370705,150.0,133.33333333333331,120.0,133.33333333333331,120.0
dynamix_components_1,original4ch,dynamix_mlp1_std_mean,1102,"F7,P8,T7,O2",163,5,130.41311714960827,123.00980427560306,129.66795240879853,131.72572927443662,125.94214370251979,100.0,142.85714285714286,166.66666666666669,166.66666666666669,150.0
dynamix_components_1,original4ch,dynamix_mlp1_std_mean,1131,"F7,P8,T7,O2",163,5,130.92755702336086,130.92755702336086,133.05240297684068,133.05240297684068,131.31198773461762,133.33333333333331,133.33333333333331,133.33333333333331,133.33333333333331,133.33333333333331
dynamix_components_1,original4ch,dynamix_mlp1_std_mean,1160,"F7,P8,T7,O2",163,5,132.64539632150314,135.71353065539114,132.64539632150314,137.24252491694352,131.56308528009652,100.0,100.0,100.0,100.0,114.28571428571428
dynamix_components_1,original4ch,dynamix_mlp1_std_mean,1189,"F7,P8,T7,O2",163,5,131.21246223530807,130.80742830735045,131.21246223530807,129.45181907191147,128.9575225295955,120.0,133.33333333333331,120.0,133.33333333333331,142.85714285714286
dynamix_components_1,original4ch,dynamix_mlp1_std_mean,1218,"F7,P8,T7,O2",163,5,135.6053120975123,136.87413090618847,135.6053120975123,137.17281815728242,135.08875064435477,100.0,100.0,100.0,100.0,88.88888888888889
dynamix_components_1,original4ch,dynamix_mlp1_std_mean,1247,"F7,P8,T7,O2",163,5,131.4024771938687,131.5618307521578,131.4024771938687,131.4024771938687,126.45982489454083,160.0,160.0,160.0,160.0,125.0
dynamix_components_1,original4ch,dynamix_mlp1_std_mean,1276,"F7,P8,T7,O2",163,5,125.83638263906164,128.2336762693022,118.67543793415885,129.33285325510707,125.00950911087726,200.0,200.0,166.66666666666669,200.0,171.42857142857142
dynamix_components_1,original4ch,dynamix_mlp1_std_mean,1305,"F7,P8,T7,O2",163,5,129.47235941625596,136.7175702204772,132.9830866807611,135.1521092482423,135.22579900958763,100.0,120.0,100.0,120.0,114.28571428571428
dynamix_components_1,original4ch,dynamix_mlp1_std_mean,1334,"F7,P8,T7,O2",163,5,134.42349337814946,134.42349337814946,142.15900216149694,135.76505025531526,133.8968482629548,100.0,100.0,111.11111111111111,100.0,100.0
dynamix_components_1,original4ch,dynamix_mlp1_std_mean,1363,"F7,P8,T7,O2",163,5,128.2688766775439,127.41850230976256,130.78488329582353,134.9779506737696,129.46754764731116,133.33333333333331,111.11111111111111,114.28571428571428,133.33333333333331,100.0
dynamix_components_1,original4ch,dynamix_mlp1_std_mean,1392,"F7,P8,T7,O2",163,5,135.1944323551647,134.6703829277421,135.1944323551647,135.1944323551647,130.43156930826962,133.33333333333331,133.33333333333331,133.33333333333331,133.33333333333331,100.0
dynamix_components_1,original4ch,dynamix_mlp1_std_mean,1421,"F7,P8,T7,O2",163,5,135.9258460730233,134.867718829796,135.9258460730233,135.9258460730233,131.25380769848596,114.28571428571428,114.28571428571428,114.28571428571428,114.28571428571428,125.0
dynamix_components_1,original4ch,dynamix_mlp1_std_mean,1450,"F7,P8,T7,O2",163,5,124.16244234095714,131.56827154620723,131.23151988323605,131.23151988323605,125.42222605436176,125.0,142.85714285714286,142.85714285714286,142.85714285714286,125.0
dynamix_components_1,original4ch,dynamix_mlp1_std_mean,1479,"F7,P8,T7,O2",163,5,122.20547224973758,133.71151984858764,134.18573260163308,131.95509692368645,132.0135144438325,0.0,114.28571428571428,100.0,114.28571428571428,100.0
dynamix_components_1,original4ch,dynamix_mlp1_std_mean,1508,"F7,P8,T7,O2",163,5,136.29512039204073,135.81402775317852,116.94957668846058,136.29512039204073,131.86428443709966,85.71428571428571,85.71428571428571,88.88888888888889,85.71428571428571,88.88888888888889
dynamix_components_1,original4ch,dynamix_mlp1_std_mean,1537,"F7,P8,T7,O2",163,5,130.95622418098338,133.20725422832982,123.14687135148779,134.02864416883818,128.36639468816068,200.0,200.0,200.0,200.0,160.0
dynamix_components_1,original4ch,dynamix_mlp1_std_mean,1566,"F7,P8,T7,O2",163,5,132.90127593478127,130.71808797514777,132.90127593478127,134.53978042803527,131.53083312092522,66.66666666666666,40.0,66.66666666666666,100.0,100.0
dynamix_components_1,original4ch,dynamix_mlp1_std_mean,1595,"F7,P8,T7,O2",163,5,134.40131918241133,134.40131918241133,131.83783237513472,132.13018982501913,136.3117775177664,125.0,125.0,125.0,125.0,111.11111111111111
dynamix_components_1,original4ch,dynamix_mlp1_std_mean,1624,"F7,P8,T7,O2",163,5,128.95349247567395,128.1857822410148,123.39140510652139,127.88662861815828,129.27358527599105,142.85714285714286,142.85714285714286,120.0,142.85714285714286,133.33333333333331
dynamix_components_1,original4ch,dynamix_mlp1_std_mean,1653,"F7,P8,T7,O2",163,5,132.79798645377724,135.13175314341188,132.02637772178454,133.7167009248738,130.03887166158245,100.0,150.0,100.0,120.0,111.11111111111111
dynamix_components_1,original4ch,dynamix_mlp1_std_mean,1682,"F7,P8,T7,O2",163,5,136.34914766702866,123.7249540198914,136.34914766702866,136.25534986850926,130.6244281534483,100.0,120.0,100.0,100.0,125.0
dynamix_components_1,original4ch,dynamix_mlp1_std_mean,1711,"F7,P8,T7,O2",163,5,130.75519958879772,134.06341586200853,130.75519958879772,132.91844806614836,128.2466487994084,142.85714285714286,142.85714285714286,142.85714285714286,142.85714285714286,133.33333333333331
dynamix_components_1,original4ch,dynamix_mlp1_std_mean,1740,"F7,P8,T7,O2",163,5,124.14765937711522,124.14765937711522,132.82244079161552,136.34887656875537,128.8601164810146,150.0,150.0,160.0,160.0,125.0
dynamix_components_1,original4ch,dynamix_mlp1_std_mean,1769,"F7,P8,T7,O2",163,5,136.35181232457668,132.7489806704923,136.35181232457668,133.24575877894085,125.62390115311815,120.0,120.0,120.0,120.0,120.0
dynamix_components_1,original4ch,dynamix_mlp1_std_mean,1798,"F7,P8,T7,O2",163,5,129.33553959254277,132.60623839297762,129.33553959254277,131.67137570929896,132.21678168255613,114.28571428571428,133.33333333333331,114.28571428571428,133.33333333333331,114.28571428571428
dynamix_components_1,original4ch,dynamix_mlp1_std_mean,1827,"F7,P8,T7,O2",163,5,132.62358868247043,133.19312765091328,132.4230466814987,134.23635231048024,130.54642680895688,120.0,120.0,100.0,120.0,114.28571428571428
dynamix_components_1,original4ch,dynamix_mlp1_std_mean,1856,"F7,P8,T7,O2",163,5,128.66924861492953,130.80511404164184,128.66924861492953,128.66924861492953,127.50545105922312,200.0,200.0,200.0,200.0,150.0
dynamix_components_1,original4ch,dynamix_mlp1_std_mean,1885,"F7,P8,T7,O2",163,5,133.32938400046265,133.51881150218088,134.608688437506,134.608688437506,130.94912864242372,133.33333333333331,114.28571428571428,114.28571428571428,114.28571428571428,100.0
dynamix_components_1,original4ch,dynamix_mlp1_std_mean,1914,"F7,P8,T7,O2",163,5,133.53062437416025,138.10905633078318,132.88489733334393,139.13036128326712,133.64205211388452,100.0,114.28571428571428,100.0,114.28571428571428,125.0
dynamix_components_1,original4ch,dynamix_mlp1_std_mean,1943,"F7,P8,T7,O2",163,5,130.1353970921282,133.13943826304222,131.27891938326943,132.97832980972515,131.1089156849677,114.28571428571428,125.0,125.0,125.0,111.11111111111111
dynamix_components_1,original4ch,dynamix_mlp1_std_mean,1972,"F7,P8,T7,O2",163,5,132.59936564099388,133.6032096867192,132.59936564099388,133.31486345961642,128.38932126079646,142.85714285714286,142.85714285714286,142.85714285714286,142.85714285714286,120.0
dynamix_components_1,original4ch,dynamix_mlp1_std_mean,2001,"F7,P8,T7,O2",163,5,131.77507784055467,131.52660362538765,148.8532876152575,131.77507784055467,132.64755242752437,142.85714285714286,125.0,120.0,142.85714285714286,142.85714285714286
dynamix_components_1,original4ch,dynamix_mlp1_std_mean,2030,"F7,P8,T7,O2",163,5,128.53596891727767,126.62952863732463,123.63444139649678,129.6116994385044,113.51770447411832,142.85714285714286,111.11111111111111,133.33333333333331,142.85714285714286,109.09090909090908
dynamix_components_1,original4ch,dynamix_mlp1_std_mean,2059,"F7,P8,T7,O2",163,5,131.2979236788425,133.63823847242057,133.01607454729293,133.01607454729293,132.15206670068554,114.28571428571428,125.0,125.0,125.0,125.0
dynamix_components_1,original4ch,dynamix_mlp1_std_mean,2088,"F7,P8,T7,O2",163,5,131.44501754489443,132.12966023769448,131.44501754489443,131.44501754489443,130.64534659762785,160.0,133.33333333333331,160.0,160.0,142.85714285714286
dynamix_components_1,original4ch,dynamix_mlp1_std_mean,2117,"F7,P8,T7,O2",163,5,129.7346776977176,131.09191551278946,129.7346776977176,128.69921408217667,129.62806338789846,150.0,200.0,150.0,200.0,100.0
dynamix_components_1,original4ch,dynamix_mlp1_std_mean,2146,"F7,P8,T7,O2",163,5,135.53306717574023,138.2847893385684,134.56314449669932,139.60604341772805,134.3155565691471,88.88888888888889,100.0,88.88888888888889,100.0,90.9090909090909
dynamix_components_1,original4ch,dynamix_mlp1_std_mean,2175,"F7,P8,T7,O2",163,5,124.56101885540096,124.56101885540096,121.27147647154487,129.82396107174094,131.11769403542996,114.28571428571428,114.28571428571428,160.0,160.0,114.28571428571428
dynamix_components_1,original4ch,dynamix_mlp1_std_mean,2204,"F7,P8,T7,O2",163,5,132.29789043110577,134.6128864528706,131.63517133780073,134.9150558743582,130.91565412576833,125.0,114.28571428571428,125.0,114.28571428571428,133.33333333333331
dynamix_components_1,original4ch,dynamix_mlp1_std_mean,2233,"F7,P8,T7,O2",163,5,128.3729767774338,128.11753148267306,128.3729767774338,128.3729767774338,122.2837780845569,200.0,200.0,200.0,200.0,120.0
dynamix_components_1,original4ch,dynamix_mlp1_std_mean,2262,"F7,P8,T7,O2",163,5,134.967493912958,128.96808070594722,137.49586657482604,137.49586657482604,130.45787898798332,75.0,85.71428571428571,80.0,80.0,100.0
dynamix_components_1,original4ch,dynamix_mlp1_std_mean,2291,"F7,P8,T7,O2",163,5,130.03047023170035,128.93931528515355,131.63749065147,131.63749065147,130.51445329402645,85.71428571428571,85.71428571428571,133.33333333333331,133.33333333333331,85.71428571428571
dynamix_components_1,original4ch,dynamix_mlp1_std_mean,2320,"F7,P8,T7,O2",163,5,135.01905702992659,135.01034102399117,135.01905702992659,135.01905702992659,130.0316801790535,114.28571428571428,114.28571428571428,114.28571428571428,114.28571428571428,111.11111111111111
dynamix_components_1,original4ch,dynamix_mlp1_std_mean,2349,"F7,P8,T7,O2",163,5,128.24065286047198,131.4713525610989,150.17486567899664,130.6864688401687,109.40172260488556,160.0,166.66666666666669,200.0,166.66666666666669,150.0
dynamix_components_1,original4ch,dynamix_mlp1_std_mean,2378,"F7,P8,T7,O2",163,5,140.46435566827154,134.97574559827524,132.9551642782662,134.52097556593603,129.36940942448277,133.33333333333331,133.33333333333331,142.85714285714286,133.33333333333331,142.85714285714286
dynamix_components_1,original4ch,dynamix_mlp1_std_mean,2407,"F7,P8,T7,O2",163,5,143.9043136148646,134.8637805112435,133.84105323851622,133.84105323851622,129.41074128146786,100.0,100.0,100.0,100.0,100.0
dynamix_components_1,original4ch,dynamix_mlp1_std_mean,2436,"F7,P8,T7,O2",163,5,131.57489794082358,132.83606725579352,131.28386475173693,132.37852634268222,131.97513431178461,85.71428571428571,114.28571428571428,114.28571428571428,114.28571428571428,114.28571428571428
dynamix_components_1,original4ch,dynamix_mlp1_std_mean,2465,"F7,P8,T7,O2",163,5,128.46899756317637,129.1906297968242,128.46899756317637,128.46899756317637,129.70007647314463,150.0,150.0,150.0,150.0,133.33333333333331
dynamix_components_1,original4ch,dynamix_mlp1_std_mean,2494,"F7,P8,T7,O2",163,5,131.57862712642236,132.65465575880134,131.6820824524313,133.12783147085472,133.79960978231753,133.33333333333331,120.0,133.33333333333331,120.0,111.11111111111111
dynamix_components_1,original4ch,dynamix_mlp1_std_mean,2523,"F7,P8,T7,O2",163,5,125.14437787927426,124.46292844714878,128.86667535844194,129.42527147799348,127.92163175091294,114.28571428571428,114.28571428571428,133.33333333333331,160.0,125.0
dynamix_components_1,original4ch,dynamix_mlp1_std_mean,2552,"F7,P8,T7,O2",163,5,130.5376070810796,125.66904150283722,130.5376070810796,130.5376070810796,127.52223859414282,142.85714285714286,142.85714285714286,142.85714285714286,142.85714285714286,90.9090909090909
dynamix_components_1,original4ch,dynamix_mlp1_std_mean,2581,"F7,P8,T7,O2",163,5,103.08734143763215,134.96380641603088,133.1601640559385,132.75992268256607,127.98482789173553,200.0,166.66666666666669,200.0,166.66666666666669,125.0
dynamix_components_1,original4ch,dynamix_mlp1_std_mean,2610,"F7,P8,T7,O2",163,5,133.6026691331924,136.11426938394217,133.6026691331924,133.6026691331924,133.38786317503096,114.28571428571428,114.28571428571428,114.28571428571428,114.28571428571428,125.0
dynamix_components_1,original4ch,dynamix_mlp1_std_mean,2639,"F7,P8,T7,O2",163,5,134.0402253609824,131.75973760713356,134.0402253609824,133.03809562155635,127.70229354061033,142.85714285714286,133.33333333333331,142.85714285714286,133.33333333333331,111.11111111111111
dynamix_components_1,original4ch,dynamix_mlp1_std_mean,2668,"F7,P8,T7,O2",163,5,128.739202948882,132.04431374995076,126.01692575800291,131.39975988646734,111.59911825301907,166.66666666666669,166.66666666666669,166.66666666666669,166.66666666666669,109.09090909090908
dynamix_components_1,original4ch,dynamix_mlp1_std_mean,2697,"F7,P8,T7,O2",163,5,120.78116841848482,129.56655936236197,129.804402914159,133.20428118393235,128.64734828829836,171.42857142857142,171.42857142857142,171.42857142857142,171.42857142857142,150.0
dynamix_components_1,original4ch,dynamix_mlp1_std_mean,2726,"F7,P8,T7,O2",163,5,131.46315827407267,129.08121083691566,101.23301117487165,133.21146664960594,131.5408919910459,125.0,100.0,133.33333333333331,125.0,133.33333333333331
dynamix_components_1,original4ch,dynamix_mlp1_std_mean,2755,"F7,P8,T7,O2",163,5,131.79377325981153,133.3143996595371,129.58929968554736,134.55979260742095,131.02837959427987,125.0,125.0,125.0,125.0,125.0
dynamix_components_1,original4ch,dynamix_mlp1_std_mean,2784,"F7,P8,T7,O2",163,5,132.42161699985874,133.1654186527513,132.42161699985874,132.42161699985874,127.76894617010896,142.85714285714286,142.85714285714286,142.85714285714286,142.85714285714286,125.0
dynamix_components_1,original4ch,dynamix_mlp1_std_mean,2813,"F7,P8,T7,O2",163,5,130.6697062046855,129.67368021863354,130.995119427826,129.67368021863354,129.248060963828,142.85714285714286,133.33333333333331,142.85714285714286,133.33333333333331,150.0
dynamix_components_1,original4ch,dynamix_mlp1_std_mean,2842,"F7,P8,T7,O2",163,5,125.24146168785069,129.88833414253406,116.77517671906091,128.34488130640432,128.19685081728124,142.85714285714286,166.66666666666669,150.0,166.66666666666669,150.0
dynamix_components_1,original4ch,dynamix_mlp1_std_mean,2871,"F7,P8,T7,O2",163,5,129.39939391553975,129.39939391553975,116.85143313068372,128.2617887673499,125.71698517803793,166.66666666666669,166.66666666666669,133.33333333333331,166.66666666666669,142.85714285714286
dynamix_components_1,original4ch,dynamix_mlp1_std_mean,2900,"F7,P8,T7,O2",163,5,122.11985507942742,122.38202731581508,141.88794094383417,130.52669932954123,127.39492428888155,160.0,160.0,150.0,166.66666666666669,133.33333333333331
dynamix_components_1,original4ch,dynamix_mlp2_std_mean,29,"F7,P8,T7,O2",163,5,137.04028403345896,139.96513037252885,137.3360373196066,137.35476045932776,138.68078961420105,133.33333333333331,133.33333333333331,133.33333333333331,133.33333333333331,133.33333333333331
dynamix_components_1,original4ch,dynamix_mlp2_std_mean,58,"F7,P8,T7,O2",163,5,138.19589346447282,147.54249401220736,138.19589346447282,144.8375752154822,142.066180108857,111.11111111111111,85.71428571428571,111.11111111111111,100.0,111.11111111111111
dynamix_components_1,original4ch,dynamix_mlp2_std_mean,87,"F7,P8,T7,O2",163,5,139.2933849976662,140.9803825163479,154.36046511627907,139.2933849976662,136.85883537748828,114.28571428571428,114.28571428571428,120.0,114.28571428571428,125.0
dynamix_components_1,original4ch,dynamix_mlp2_std_mean,116,"F7,P8,T7,O2",163,5,135.30316034519248,140.25045051592892,135.30316034519248,136.75828210900175,132.37865934667036,133.33333333333331,200.0,133.33333333333331,200.0,133.33333333333331
dynamix_components_1,original4ch,dynamix_mlp2_std_mean,145,"F7,P8,T7,O2",163,5,140.6151155926526,140.88864286065476,140.6151155926526,140.6151155926526,140.69239788205132,100.0,100.0,100.0,100.0,100.0
dynamix_components_1,original4ch,dynamix_mlp2_std_mean,174,"F7,P8,T7,O2",163,5,142.21806535352263,143.07020800449487,142.21806535352263,142.21806535352263,135.05329701787772,111.11111111111111,111.11111111111111,111.11111111111111,111.11111111111111,109.09090909090908
dynamix_components_1,original4ch,dynamix_mlp2_std_mean,203,"F7,P8,T7,O2",163,5,138.6555739830593,137.3176859675312,138.6555739830593,137.62144958176304,136.07627928144854,125.0,125.0,125.0,125.0,125.0
dynamix_components_1,original4ch,dynamix_mlp2_std_mean,232,"F7,P8,T7,O2",163,5,132.97470002948177,137.0540328041592,131.5106553843188,134.05267419369346,129.18804905913095,66.66666666666666,200.0,200.0,200.0,200.0
dynamix_components_1,original4ch,dynamix_mlp2_std_mean,261,"F7,P8,T7,O2",163,5,141.59845967985504,145.43803586579975,128.6823742737612,141.59845967985504,139.93880705164938,85.71428571428571,85.71428571428571,50.0,85.71428571428571,111.11111111111111
dynamix_components_1,original4ch,dynamix_mlp2_std_mean,290,"F7,P8,T7,O2",163,5,135.6962203715209,137.86614548242454,132.91607574797706,135.07404954766704,133.86749772985763,166.66666666666669,166.66666666666669,166.66666666666669,166.66666666666669,150.0
dynamix_components_1,original4ch,dynamix_mlp2_std_mean,319,"F7,P8,T7,O2",163,5,138.4906046230364,141.70196720466146,138.4906046230364,140.5660985001952,135.72658031337434,133.33333333333331,133.33333333333331,133.33333333333331,133.33333333333331,133.33333333333331
dynamix_components_1,original4ch,dynamix_mlp2_std_mean,348,"F7,P8,T7,O2",163,5,134.62189146250685,134.87238626705906,166.60940803382664,134.62189146250685,135.65416710463143,142.85714285714286,160.0,133.33333333333331,142.85714285714286,125.0
dynamix_components_1,original4ch,dynamix_mlp2_std_mean,377,"F7,P8,T7,O2",163,5,138.84944618071515,144.3079870581901,138.13281321812667,144.64285714285714,138.48024772690582,111.11111111111111,111.11111111111111,111.11111111111111,111.11111111111111,100.0
dynamix_components_1,original4ch,dynamix_mlp2_std_mean,406,"F7,P8,T7,O2",163,5,136.02697447900937,138.9886199654969,137.29468040707744,137.29468040707744,133.85792424245386,142.85714285714286,142.85714285714286,142.85714285714286,142.85714285714286,142.85714285714286
dynamix_components_1,original4ch,dynamix_mlp2_std_mean,435,"F7,P8,T7,O2",163,5,128.07527765574807,141.9365372999094,137.1776908191862,139.5805595499687,136.57961531630696,85.71428571428571,142.85714285714286,142.85714285714286,142.85714285714286,142.85714285714286
dynamix_components_1,original4ch,dynamix_mlp2_std_mean,464,"F7,P8,T7,O2",163,5,140.5045865223829,143.03639609887352,140.5045865223829,142.50087518190057,139.41366325002286,120.0,120.0,120.0,120.0,114.28571428571428
dynamix_components_1,original4ch,dynamix_mlp2_std_mean,493,"F7,P8,T7,O2",163,5,135.20131757777105,139.75999223869695,136.8409455446634,137.90749239416283,135.94462721663717,100.0,100.0,114.28571428571428,100.0,100.0
dynamix_components_1,original4ch,dynamix_mlp2_std_mean,522,"F7,P8,T7,O2",163,5,137.6257465540077,136.81134114874004,140.2756194733313,138.60163092721234,141.21517712178218,114.28571428571428,100.0,114.28571428571428,114.28571428571428,85.71428571428571
dynamix_components_1,original4ch,dynamix_mlp2_std_mean,551,"F7,P8,T7,O2",163,5,137.08423879013782,140.48710046334833,137.08423879013782,137.08423879013782,134.17972905419342,150.0,150.0,150.0,150.0,133.33333333333331
dynamix_components_1,original4ch,dynamix_mlp2_std_mean,580,"F7,P8,T7,O2",163,5,136.32306801313482,136.84867334545712,135.00003614643646,138.12169661733617,134.54699458067162,114.28571428571428,100.0,133.33333333333331,114.28571428571428,114.28571428571428
dynamix_components_1,original4ch,dynamix_mlp2_std_mean,609,"F7,P8,T7,O2",163,5,160.80126849894293,146.239661678367,138.28043131465222,139.74342770475226,138.65160515672397,200.0,100.0,100.0,100.0,120.0
dynamix_components_1,original4ch,dynamix_mlp2_std_mean,638,"F7,P8,T7,O2",163,5,143.75569134947793,142.76911140660863,143.75569134947793,143.75569134947793,140.6423258127677,100.0,100.0,100.0,100.0,114.28571428571428
dynamix_components_1,original4ch,dynamix_mlp2_std_mean,667,"F7,P8,T7,O2",163,5,142.5572274381059,143.36503639093758,142.5572274381059,142.5572274381059,143.71385917452312,85.71428571428571,85.71428571428571,85.71428571428571,85.71428571428571,66.66666666666666
dynamix_components_1,original4ch,dynamix_mlp2_std_mean,696,"F7,P8,T7,O2",163,5,150.74634183088835,136.40788991567138,134.82678104484256,134.82678104484256,132.664382162553,133.33333333333331,171.42857142857142,171.42857142857142,171.42857142857142,171.42857142857142
dynamix_components_1,original4ch,dynamix_mlp2_std_mean,725,"F7,P8,T7,O2",163,5,137.07736038776878,138.70952880139507,137.07736038776878,137.07736038776878,136.59473309548,150.0,150.0,150.0,150.0,142.85714285714286
dynamix_components_1,original4ch,dynamix_mlp2_std_mean,754,"F7,P8,T7,O2",163,5,136.05013098630388,133.83069472442105,136.05013098630388,136.05013098630388,134.55943784394404,166.66666666666669,166.66666666666669,166.66666666666669,166.66666666666669,166.66666666666669
dynamix_components_1,original4ch,dynamix_mlp2_std_mean,783,"F7,P8,T7,O2",163,5,136.4660617441204,137.2958208250848,136.4660617441204,136.4660617441204,131.9784322820037,142.85714285714286,142.85714285714286,142.85714285714286,142.85714285714286,125.0
dynamix_components_1,original4ch,dynamix_mlp2_std_mean,812,"F7,P8,T7,O2",163,5,144.6436066498481,137.3725902647418,146.88928360304126,134.95337180113947,134.43996826284538,114.28571428571428,160.0,100.0,160.0,100.0
dynamix_components_1,original4ch,dynamix_mlp2_std_mean,841,"F7,P8,T7,O2",163,5,124.69903372542845,124.41343169448066,135.5668962781864,135.5668962781864,130.9008401596685,125.0,125.0,166.66666666666669,166.66666666666669,125.0
dynamix_components_1,original4ch,dynamix_mlp2_std_mean,870,"F7,P8,T7,O2",163,5,122.04941860465115,138.46499511151592,140.3925619834711,140.3925619834711,137.02940084257366,120.0,133.33333333333331,133.33333333333331,133.33333333333331,111.11111111111111
dynamix_components_1,original4ch,dynamix_mlp2_std_mean,899,"F7,P8,T7,O2",163,5,131.0571408135075,131.70706408644696,131.0571408135075,131.0571408135075,130.96133146200697,200.0,200.0,200.0,200.0,150.0
dynamix_components_1,original4ch,dynamix_mlp2_std_mean,928,"F7,P8,T7,O2",163,5,134.99196220407958,138.17604110329907,134.99196220407958,134.99196220407958,134.97709219590405,142.85714285714286,142.85714285714286,142.85714285714286,142.85714285714286,125.0
dynamix_components_1,original4ch,dynamix_mlp2_std_mean,957,"F7,P8,T7,O2",163,5,135.3350051729567,141.88907747992093,137.23790631828206,137.23790631828206,134.74580470401693,133.33333333333331,142.85714285714286,142.85714285714286,142.85714285714286,150.0
dynamix_components_1,original4ch,dynamix_mlp2_std_mean,986,"F7,P8,T7,O2",163,5,135.43769441839703,142.5715685035389,160.85656712473573,140.52701604741128,136.62622003192138,111.11111111111111,125.0,111.11111111111111,125.0,111.11111111111111
dynamix_components_1,original4ch,dynamix_mlp2_std_mean,1015,"F7,P8,T7,O2",163,5,136.75494563575958,137.02628554763004,138.98685253699787,138.9154994714588,136.95276122450412,114.28571428571428,125.0,114.28571428571428,125.0,125.0
dynamix_components_1,original4ch,dynamix_mlp2_std_mean,1044,"F7,P8,T7,O2",163,5,136.02099330834335,136.5043604651163,136.02099330834335,136.02099330834335,133.18387286893798,133.33333333333331,133.33333333333331,133.33333333333331,133.33333333333331,133.33333333333331
dynamix_components_1,original4ch,dynamix_mlp2_std_mean,1073,"F7,P8,T7,O2",163,5,134.43848239727913,138.78016131997424,134.43848239727913,134.43848239727913,134.25220791896973,150.0,150.0,150.0,150.0,150.0
dynamix_components_1,original4ch,dynamix_mlp2_std_mean,1102,"F7,P8,T7,O2",163,5,161.47835812443373,138.32249706201802,135.68904458786918,135.68904458786918,137.21116945491315,133.33333333333331,142.85714285714286,142.85714285714286,142.85714285714286,125.0
dynamix_components_1,original4ch,dynamix_mlp2_std_mean,1131,"F7,P8,T7,O2",163,5,155.46446362694834,136.99873527635157,134.39809932018147,137.4259213560121,134.22856692416934,133.33333333333331,160.0,150.0,150.0,160.0
dynamix_components_1,original4ch,dynamix_mlp2_std_mean,1160,"F7,P8,T7,O2",163,5,136.9299291058688,138.68169856997397,136.9299291058688,136.9299291058688,136.7967008624071,142.85714285714286,142.85714285714286,142.85714285714286,142.85714285714286,125.0
dynamix_components_1,original4ch,dynamix_mlp2_std_mean,1189,"F7,P8,T7,O2",163,5,135.02293491392328,136.07426662709926,135.02293491392328,135.02293491392328,130.80196983249309,171.42857142857142,166.66666666666669,171.42857142857142,171.42857142857142,160.0
dynamix_components_1,original4ch,dynamix_mlp2_std_mean,1218,"F7,P8,T7,O2",163,5,152.30361614274918,142.9467715707435,142.9467715707435,142.9467715707435,137.99708833344903,100.0,88.88888888888889,88.88888888888889,88.88888888888889,75.0
dynamix_components_1,original4ch,dynamix_mlp2_std_mean,1247,"F7,P8,T7,O2",163,5,132.35704878909786,139.1500934165888,131.20609281888002,134.29577626620093,127.9419548068551,166.66666666666669,166.66666666666669,166.66666666666669,166.66666666666669,166.66666666666669
dynamix_components_1,original4ch,dynamix_mlp2_std_mean,1276,"F7,P8,T7,O2",163,5,138.33932346723043,138.11919610451943,133.48880785839594,132.3965218124223,131.303911205074,200.0,200.0,200.0,200.0,166.66666666666669
dynamix_components_1,original4ch,dynamix_mlp2_std_mean,1305,"F7,P8,T7,O2",163,5,139.98246643587424,141.64772727272725,140.26004914746986,140.26004914746986,135.9215949274121,114.28571428571428,114.28571428571428,114.28571428571428,114.28571428571428,114.28571428571428
dynamix_components_1,original4ch,dynamix_mlp2_std_mean,1334,"F7,P8,T7,O2",163,5,139.9422573933099,139.9422573933099,147.97359527141708,139.4874873609707,139.82021615564662,114.28571428571428,114.28571428571428,100.0,100.0,111.11111111111111
dynamix_components_1,original4ch,dynamix_mlp2_std_mean,1363,"F7,P8,T7,O2",163,5,138.93579373104146,139.5499347888398,146.4950786528482,138.93579373104146,137.09979672245603,100.0,100.0,100.0,100.0,120.0
dynamix_components_1,original4ch,dynamix_mlp2_std_mean,1392,"F7,P8,T7,O2",163,5,139.62552059323784,138.07930522227758,137.90598634915852,137.90598634915852,137.88851428520667,133.33333333333331,133.33333333333331,133.33333333333331,133.33333333333331,120.0
dynamix_components_1,original4ch,dynamix_mlp2_std_mean,1421,"F7,P8,T7,O2",163,5,136.47921680091616,138.85029967550884,136.18731789643797,135.98811927599908,136.3502498604133,125.0,142.85714285714286,125.0,125.0,125.0
dynamix_components_1,original4ch,dynamix_mlp2_std_mean,1450,"F7,P8,T7,O2",163,5,129.7450458570488,139.52899277862167,130.6413621122762,138.04905092379818,131.53634103747896,166.66666666666669,160.0,166.66666666666669,160.0,142.85714285714286
dynamix_components_1,original4ch,dynamix_mlp2_std_mean,1479,"F7,P8,T7,O2",163,5,136.94967681643303,141.84302489724632,136.94967681643303,140.7643498022114,135.56392821642518,111.11111111111111,111.11111111111111,111.11111111111111,111.11111111111111,111.11111111111111
dynamix_components_1,original4ch,dynamix_mlp2_std_mean,1508,"F7,P8,T7,O2",163,5,142.84340184716044,142.4115922611731,142.33558730788087,142.33558730788087,138.8199221213281,100.0,111.11111111111111,100.0,100.0,88.88888888888889
dynamix_components_1,original4ch,dynamix_mlp2_std_mean,1537,"F7,P8,T7,O2",163,5,133.77193960901678,135.49472513512376,133.77193960901678,134.40791084193867,133.25909555645802,200.0,200.0,200.0,200.0,200.0
dynamix_components_1,original4ch,dynamix_mlp2_std_mean,1566,"F7,P8,T7,O2",163,5,134.34640327940028,137.85412262156447,134.34640327940028,137.81172442320064,133.50841999610486,133.33333333333331,142.85714285714286,133.33333333333331,133.33333333333331,111.11111111111111
dynamix_components_1,original4ch,dynamix_mlp2_std_mean,1595,"F7,P8,T7,O2",163,5,138.55713327370304,144.59698731501055,156.22309876892885,144.46251422995607,139.19250226517667,114.28571428571428,114.28571428571428,125.0,114.28571428571428,125.0
dynamix_components_1,original4ch,dynamix_mlp2_std_mean,1624,"F7,P8,T7,O2",163,5,142.6822383090832,140.94493582709802,136.4167646200847,139.04423479469796,136.79980184462792,100.0,114.28571428571428,111.11111111111111,125.0,133.33333333333331
dynamix_components_1,original4ch,dynamix_mlp2_std_mean,1653,"F7,P8,T7,O2",163,5,139.12210664527652,143.042597110124,139.12210664527652,139.12210664527652,137.81902655803898,100.0,100.0,100.0,100.0,114.28571428571428
dynamix_components_1,original4ch,dynamix_mlp2_std_mean,1682,"F7,P8,T7,O2",163,5,132.80379674135858,137.08987410774137,134.2438372047123,135.35131825343043,133.43975629363797,160.0,160.0,160.0,160.0,160.0
dynamix_components_1,original4ch,dynamix_mlp2_std_mean,1711,"F7,P8,T7,O2",163,5,127.85155564515455,136.39138477801268,134.10785165748857,134.32163429183638,110.65438948893572,166.66666666666669,171.42857142857142,171.42857142857142,171.42857142857142,133.33333333333331
dynamix_components_1,original4ch,dynamix_mlp2_std_mean,1740,"F7,P8,T7,O2",163,5,132.58696905631368,133.69392866991453,132.58696905631368,132.58696905631368,131.20410036719707,200.0,200.0,200.0,200.0,200.0
dynamix_components_1,original4ch,dynamix_mlp2_std_mean,1769,"F7,P8,T7,O2",163,5,136.67157608415408,138.53352789778472,136.67157608415408,136.67157608415408,135.51803258301206,125.0,125.0,125.0,125.0,111.11111111111111
dynamix_components_1,original4ch,dynamix_mlp2_std_mean,1798,"F7,P8,T7,O2",163,5,135.75487671468608,136.6212698640039,135.75487671468608,135.75487671468608,134.88488857488025,133.33333333333331,133.33333333333331,133.33333333333331,133.33333333333331,142.85714285714286
dynamix_components_1,original4ch,dynamix_mlp2_std_mean,1827,"F7,P8,T7,O2",163,5,137.82378494304152,134.94371528370516,131.29058885392897,136.3242419865271,136.5033985978112,142.85714285714286,133.33333333333331,125.0,133.33333333333331,133.33333333333331
dynamix_components_1,original4ch,dynamix_mlp2_std_mean,1856,"F7,P8,T7,O2",163,5,132.87469954802634,132.87469954802634,133.44845861292396,132.5967680266295,133.41707088592472,200.0,200.0,150.0,200.0,200.0
dynamix_components_1,original4ch,dynamix_mlp2_std_mean,1885,"F7,P8,T7,O2",163,5,138.186644618399,140.38383254763437,138.186644618399,140.0913882320055,138.69865392083003,114.28571428571428,100.0,114.28571428571428,100.0,125.0
dynamix_components_1,original4ch,dynamix_mlp2_std_mean,1914,"F7,P8,T7,O2",163,5,134.29415203393728,138.85475541376428,134.29415203393728,134.29415203393728,134.10957416386623,150.0,150.0,150.0,150.0,125.0
dynamix_components_1,original4ch,dynamix_mlp2_std_mean,1943,"F7,P8,T7,O2",163,5,132.6563708554633,137.58451637054742,131.24310598400587,132.6563708554633,132.96478821316708,171.42857142857142,171.42857142857142,171.42857142857142,171.42857142857142,111.11111111111111
dynamix_components_1,original4ch,dynamix_mlp2_std_mean,1972,"F7,P8,T7,O2",163,5,133.7207414678345,136.26813857389968,133.7207414678345,134.88056117290193,134.24274343262903,160.0,200.0,160.0,160.0,114.28571428571428
dynamix_components_1,original4ch,dynamix_mlp2_std_mean,2001,"F7,P8,T7,O2",163,5,137.87871948577205,142.76874471739018,137.87871948577205,136.9998107330199,135.31704362965888,133.33333333333331,133.33333333333331,133.33333333333331,133.33333333333331,150.0
dynamix_components_1,original4ch,dynamix_mlp2_std_mean,2030,"F7,P8,T7,O2",163,5,138.82928118393232,142.3260457888951,138.05111912859638,140.13661361450457,141.95209706504167,114.28571428571428,133.33333333333331,125.0,142.85714285714286,100.0
dynamix_components_1,original4ch,dynamix_mlp2_std_mean,2059,"F7,P8,T7,O2",163,5,134.8611023923917,137.0154223971859,134.8611023923917,135.07611732302075,135.34080686665416,142.85714285714286,142.85714285714286,142.85714285714286,142.85714285714286,142.85714285714286
dynamix_components_1,original4ch,dynamix_mlp2_std_mean,2088,"F7,P8,T7,O2",163,5,137.99781013246871,141.5431563433862,137.99781013246871,137.99781013246871,134.44234492861517,166.66666666666669,166.66666666666669,166.66666666666669,166.66666666666669,166.66666666666669
dynamix_components_1,original4ch,dynamix_mlp2_std_mean,2117,"F7,P8,T7,O2",163,5,138.63278369143026,138.0670234891958,138.63278369143026,138.63278369143026,136.5768495965633,133.33333333333331,133.33333333333331,133.33333333333331,133.33333333333331,150.0
dynamix_components_1,original4ch,dynamix_mlp2_std_mean,2146,"F7,P8,T7,O2",163,5,138.93121413470251,146.4049776088914,138.62201751736637,139.6745147429639,136.30960265954994,111.11111111111111,111.11111111111111,111.11111111111111,111.11111111111111,111.11111111111111
dynamix_components_1,original4ch,dynamix_mlp2_std_mean,2175,"F7,P8,T7,O2",163,5,133.5048818250758,135.91187518876472,130.04909993692024,133.9780575371292,134.39300687528436,160.0,150.0,160.0,150.0,160.0
dynamix_components_1,original4ch,dynamix_mlp2_std_mean,2204,"F7,P8,T7,O2",163,5,138.38108657331043,141.40278372518995,138.38108657331043,141.81579233302148,139.4183059104697,120.0,120.0,120.0,120.0,125.0
dynamix_components_1,original4ch,dynamix_mlp2_std_mean,2233,"F7,P8,T7,O2",163,5,130.15274882413348,132.7909425375231,130.7289776145106,129.1136109354893,125.98604122633844,171.42857142857142,171.42857142857142,171.42857142857142,171.42857142857142,171.42857142857142
dynamix_components_1,original4ch,dynamix_mlp2_std_mean,2262,"F7,P8,T7,O2",163,5,136.3102902478521,139.91739567895598,132.68442313500452,139.42313098825963,135.96330725805615,85.71428571428571,114.28571428571428,0.0,114.28571428571428,125.0
dynamix_components_1,original4ch,dynamix_mlp2_std_mean,2291,"F7,P8,T7,O2",163,5,139.7920494130696,140.96539081771294,139.7920494130696,140.48563666504913,136.36838538009675,85.71428571428571,100.0,85.71428571428571,111.11111111111111,85.71428571428571
dynamix_components_1,original4ch,dynamix_mlp2_std_mean,2320,"F7,P8,T7,O2",163,5,136.23787835621133,139.9682368822329,133.55032909322244,139.1549812313932,133.81268709001455,133.33333333333331,133.33333333333331,133.33333333333331,133.33333333333331,114.28571428571428
dynamix_components_1,original4ch,dynamix_mlp2_std_mean,2349,"F7,P8,T7,O2",163,5,141.51666124197232,143.38595718531457,141.51666124197232,141.51666124197232,136.82634649594738,142.85714285714286,142.85714285714286,142.85714285714286,142.85714285714286,150.0
dynamix_components_1,original4ch,dynamix_mlp2_std_mean,2378,"F7,P8,T7,O2",163,5,137.14834619913103,136.0054295598693,132.91994577840865,136.88696031612002,131.5297656618992,142.85714285714286,142.85714285714286,142.85714285714286,142.85714285714286,142.85714285714286
dynamix_components_1,original4ch,dynamix_mlp2_std_mean,2407,"F7,P8,T7,O2",163,5,133.50878033611505,135.4446570881754,139.95911191942537,134.90120259543286,135.63696332737032,200.0,200.0,150.0,200.0,100.0
dynamix_components_1,original4ch,dynamix_mlp2_std_mean,2436,"F7,P8,T7,O2",163,5,139.31000653061048,139.31000653061048,139.81826785977677,139.81826785977677,138.6181027400049,114.28571428571428,114.28571428571428,114.28571428571428,114.28571428571428,114.28571428571428
dynamix_components_1,original4ch,dynamix_mlp2_std_mean,2465,"F7,P8,T7,O2",163,5,130.46313424947147,133.89144222814593,130.46313424947147,131.27481583827182,134.25661755188332,200.0,200.0,200.0,200.0,200.0
dynamix_components_1,original4ch,dynamix_mlp2_std_mean,2494,"F7,P8,T7,O2",163,5,139.98089274654092,143.12824436022828,139.98089274654092,140.3817038263907,137.74639348339758,120.0,120.0,120.0,120.0,111.11111111111111
dynamix_components_1,original4ch,dynamix_mlp2_std_mean,2523,"F7,P8,T7,O2",163,5,135.33427772592324,140.2822746010309,134.77364649668738,137.06557336184028,135.51284051651047,114.28571428571428,133.33333333333331,114.28571428571428,133.33333333333331,125.0
dynamix_components_1,original4ch,dynamix_mlp2_std_mean,2552,"F7,P8,T7,O2",163,5,159.77310480217457,135.18983165469515,134.95807400655823,135.91732269247436,135.59710348365672,111.11111111111111,133.33333333333331,142.85714285714286,133.33333333333331,100.0
dynamix_components_1,original4ch,dynamix_mlp2_std_mean,2581,"F7,P8,T7,O2",163,5,130.05510620277042,134.09223923346286,133.86444694156734,130.05510620277042,129.3045451734065,200.0,200.0,200.0,200.0,166.66666666666669
dynamix_components_1,original4ch,dynamix_mlp2_std_mean,2610,"F7,P8,T7,O2",163,5,138.02519988759693,141.1656910414211,137.51975883770095,138.06818900161738,136.31262300147097,100.0,114.28571428571428,100.0,114.28571428571428,125.0
dynamix_components_1,original4ch,dynamix_mlp2_std_mean,2639,"F7,P8,T7,O2",163,5,116.12001065030441,136.55926525905383,134.53620507399577,136.0874325371292,131.3234753794453,0.0,200.0,160.0,200.0,166.66666666666669
dynamix_components_1,original4ch,dynamix_mlp2_std_mean,2668,"F7,P8,T7,O2",163,5,131.18539426926364,132.72247729042962,152.4240479393756,130.70599722687462,132.18880017792634,171.42857142857142,200.0,150.0,200.0,150.0
dynamix_components_1,original4ch,dynamix_mlp2_std_mean,2697,"F7,P8,T7,O2",163,5,131.71259229916552,131.71259229916552,130.6284160916565,131.54207908898712,130.96933601755256,171.42857142857142,171.42857142857142,171.42857142857142,171.42857142857142,171.42857142857142
dynamix_components_1,original4ch,dynamix_mlp2_std_mean,2726,"F7,P8,T7,O2",163,5,137.7814444178386,137.7814444178386,140.0570597970133,139.43088583174287,136.5596375471091,125.0,125.0,133.33333333333331,125.0,120.0
dynamix_components_1,original4ch,dynamix_mlp2_std_mean,2755,"F7,P8,T7,O2",163,5,133.56572747514733,143.14844323932655,134.52754131365194,141.14459059735705,134.2352317709505,125.0,125.0,125.0,125.0,125.0
dynamix_components_1,original4ch,dynamix_mlp2_std_mean,2784,"F7,P8,T7,O2",163,5,134.6817644527252,137.00298248263363,134.6362544811104,137.37197237797594,133.7446150371859,133.33333333333331,133.33333333333331,133.33333333333331,133.33333333333331,125.0
dynamix_components_1,original4ch,dynamix_mlp2_std_mean,2813,"F7,P8,T7,O2",163,5,141.29122621564483,140.22744173754853,135.82961261520103,139.49247321182358,139.35836173792984,133.33333333333331,160.0,133.33333333333331,133.33333333333331,142.85714285714286
dynamix_components_1,original4ch,dynamix_mlp2_std_mean,2842,"F7,P8,T7,O2",163,5,134.33462571781112,136.43383708638575,138.52882854006367,137.9739842048105,132.99428360138984,150.0,142.85714285714286,150.0,142.85714285714286,150.0
dynamix_components_1,original4ch,dynamix_mlp2_std_mean,2871,"F7,P8,T7,O2",163,5,131.99809103001718,133.0054834636566,150.39088911838348,131.99809103001718,129.84451698633592,200.0,200.0,200.0,200.0,200.0
dynamix_components_1,original4ch,dynamix_mlp2_std_mean,2900,"F7,P8,T7,O2",163,5,130.05243108073103,134.96385412458784,130.05243108073103,133.6782694050136,135.67590324780895,166.66666666666669,166.66666666666669,166.66666666666669,166.66666666666669,171.42857142857142
dynamix_components_1,original4ch,dynamix_model_out_std_mean,29,"F7,P8,T7,O2",23,9,139.84832446686275,139.38507162775977,138.36811265379703,138.36811265379703,123.24524472866511,120.0,120.0,120.0,120.0,111.11111111111111
dynamix_components_1,original4ch,dynamix_model_out_std_mean,58,"F7,P8,T7,O2",23,9,138.4370350979553,138.45566049487377,135.9927924131621,139.18481934011064,145.60112568510283,100.0,100.0,90.9090909090909,111.11111111111111,90.9090909090909
dynamix_components_1,original4ch,dynamix_model_out_std_mean,87,"F7,P8,T7,O2",23,9,141.40382212069713,142.30006849400465,141.40382212069713,141.40382212069713,143.83527738950698,114.28571428571428,114.28571428571428,114.28571428571428,114.28571428571428,111.11111111111111
dynamix_components_1,original4ch,dynamix_model_out_std_mean,116,"F7,P8,T7,O2",23,9,135.435938792628,136.9250462473573,135.1174352536998,135.1174352536998,120.69590066342734,160.0,160.0,160.0,160.0,171.42857142857142
dynamix_components_1,original4ch,dynamix_model_out_std_mean,145,"F7,P8,T7,O2",23,9,136.04281840505297,141.2960585925702,135.79095632225273,141.7655679415722,127.96226939656178,100.0,100.0,88.88888888888889,88.88888888888889,109.09090909090908
dynamix_components_1,original4ch,dynamix_model_out_std_mean,174,"F7,P8,T7,O2",23,9,135.7255896454175,128.69766292857798,135.87460753241072,143.02618276463937,149.49206905627145,125.0,125.0,125.0,100.0,109.09090909090908
dynamix_components_1,original4ch,dynamix_model_out_std_mean,203,"F7,P8,T7,O2",23,9,134.66434935496397,131.83345568237138,136.87950461272342,138.02161875332203,149.23025998088292,114.28571428571428,85.71428571428571,100.0,142.85714285714286,100.0
dynamix_components_1,original4ch,dynamix_model_out_std_mean,232,"F7,P8,T7,O2",23,9,130.50678107147675,134.9033248555838,129.25756022799564,134.828574025019,141.75248241084117,150.0,200.0,150.0,200.0,200.0
dynamix_components_1,original4ch,dynamix_model_out_std_mean,261,"F7,P8,T7,O2",23,9,139.82636466154008,132.57481731730715,133.7496996924851,144.38525484879125,150.11368317321745,85.71428571428571,100.0,80.0,88.88888888888889,80.0
dynamix_components_1,original4ch,dynamix_model_out_std_mean,290,"F7,P8,T7,O2",23,9,129.18665570687244,131.96538982322988,120.71259793558015,132.02309697044666,144.4080210807078,200.0,200.0,200.0,200.0,166.66666666666669
dynamix_components_1,original4ch,dynamix_model_out_std_mean,319,"F7,P8,T7,O2",23,9,129.47548741038645,126.74814843434093,132.3380634627001,138.8949466862763,145.81376968812052,200.0,125.0,160.0,160.0,125.0
dynamix_components_1,original4ch,dynamix_model_out_std_mean,348,"F7,P8,T7,O2",23,9,134.52217868507154,134.52217868507154,136.3753527594157,137.9364822770006,147.13020215465818,142.85714285714286,142.85714285714286,125.0,142.85714285714286,100.0
dynamix_components_1,original4ch,dynamix_model_out_std_mean,377,"F7,P8,T7,O2",23,9,134.84356345407303,127.89638938060902,135.13707574535317,142.36953998036847,149.9409348691882,100.0,125.0,100.0,111.11111111111111,109.09090909090908
dynamix_components_1,original4ch,dynamix_model_out_std_mean,406,"F7,P8,T7,O2",23,9,138.13512304685105,138.13512304685105,127.92054420869829,138.537668306828,144.7828536882982,114.28571428571428,114.28571428571428,142.85714285714286,114.28571428571428,111.11111111111111
dynamix_components_1,original4ch,dynamix_model_out_std_mean,435,"F7,P8,T7,O2",23,9,132.49253670541245,130.81195579055563,135.4447178911205,142.62889518015385,125.19352558172577,114.28571428571428,100.0,114.28571428571428,133.33333333333331,133.33333333333331
dynamix_components_1,original4ch,dynamix_model_out_std_mean,464,"F7,P8,T7,O2",23,9,130.75057071206874,132.46696617336153,134.67762019488237,133.45379659150248,121.63737697935503,100.0,100.0,100.0,100.0,120.0
dynamix_components_1,original4ch,dynamix_model_out_std_mean,493,"F7,P8,T7,O2",23,9,139.3529801846283,142.8800966475385,141.64722760139998,141.64722760139998,125.78722494897531,114.28571428571428,100.0,100.0,100.0,100.0
dynamix_components_1,original4ch,dynamix_model_out_std_mean,522,"F7,P8,T7,O2",23,9,143.66870630272516,145.12298397179697,137.10293168755027,143.1736223702507,148.8646048087403,100.0,100.0,100.0,100.0,66.66666666666666
dynamix_components_1,original4ch,dynamix_model_out_std_mean,551,"F7,P8,T7,O2",23,9,140.0060522917044,143.02161854150043,128.69653472885992,142.36007046689224,121.74372553267631,125.0,114.28571428571428,125.0,114.28571428571428,133.33333333333331
dynamix_components_1,original4ch,dynamix_model_out_std_mean,580,"F7,P8,T7,O2",23,9,135.8465314682843,135.8465314682843,138.42248799992825,138.5025048258112,142.2412571049082,111.11111111111111,111.11111111111111,111.11111111111111,111.11111111111111,111.11111111111111
dynamix_components_1,original4ch,dynamix_model_out_std_mean,609,"F7,P8,T7,O2",23,9,138.08905638522782,139.13123208378144,138.08905638522782,138.08905638522782,147.2136804499644,133.33333333333331,133.33333333333331,133.33333333333331,133.33333333333331,120.0
dynamix_components_1,original4ch,dynamix_model_out_std_mean,638,"F7,P8,T7,O2",23,9,136.64385333898622,137.0690911717201,126.32176542181617,137.86497598200265,149.48791562560064,142.85714285714286,142.85714285714286,166.66666666666669,142.85714285714286,125.0
dynamix_components_1,original4ch,dynamix_model_out_std_mean,667,"F7,P8,T7,O2",23,9,133.38334340078524,134.85770539946836,131.37502165234704,138.39038232784344,150.872164404874,85.71428571428571,75.0,100.0,114.28571428571428,114.28571428571428
dynamix_components_1,original4ch,dynamix_model_out_std_mean,696,"F7,P8,T7,O2",23,9,141.83925179314343,141.00946253462024,141.83925179314343,141.83925179314343,148.8628573867466,114.28571428571428,114.28571428571428,114.28571428571428,114.28571428571428,133.33333333333331
dynamix_components_1,original4ch,dynamix_model_out_std_mean,725,"F7,P8,T7,O2",23,9,133.28105483980178,135.54846631035286,137.13403519798868,136.05584055167773,144.79731014416274,166.66666666666669,200.0,160.0,160.0,166.66666666666669
dynamix_components_1,original4ch,dynamix_model_out_std_mean,754,"F7,P8,T7,O2",23,9,124.42973674007702,136.45910841272894,136.94626297328466,136.94626297328466,141.28679632350304,150.0,150.0,150.0,150.0,150.0
dynamix_components_1,original4ch,dynamix_model_out_std_mean,783,"F7,P8,T7,O2",23,9,135.87004638922102,136.47197875860775,135.87004638922102,135.87004638922102,142.70841976145837,125.0,125.0,125.0,125.0,100.0
dynamix_components_1,original4ch,dynamix_model_out_std_mean,812,"F7,P8,T7,O2",23,9,128.1627412417019,134.34019327671692,135.92643272523208,135.92643272523208,125.87271192398909,142.85714285714286,111.11111111111111,166.66666666666669,166.66666666666669,111.11111111111111
dynamix_components_1,original4ch,dynamix_model_out_std_mean,841,"F7,P8,T7,O2",23,9,131.50752655776262,131.50752655776262,134.09664554783467,134.09664554783467,124.6562204075609,111.11111111111111,111.11111111111111,166.66666666666669,166.66666666666669,109.09090909090908
dynamix_components_1,original4ch,dynamix_model_out_std_mean,870,"F7,P8,T7,O2",23,9,131.5210339300487,143.9238288666674,133.74860370545778,142.11533018378006,145.8783212806751,133.33333333333331,114.28571428571428,114.28571428571428,125.0,133.33333333333331
dynamix_components_1,original4ch,dynamix_model_out_std_mean,899,"F7,P8,T7,O2",23,9,122.89187478263159,125.09644442996037,129.22957565690123,130.4622015142528,119.10755692169795,166.66666666666669,142.85714285714286,160.0,171.42857142857142,150.0
dynamix_components_1,original4ch,dynamix_model_out_std_mean,928,"F7,P8,T7,O2",23,9,133.055415274832,133.81826303460073,130.8543289992238,139.8569146741915,120.87455083279283,100.0,100.0,111.11111111111111,142.85714285714286,120.0
dynamix_components_1,original4ch,dynamix_model_out_std_mean,957,"F7,P8,T7,O2",23,9,128.92962663126332,138.8380046825445,130.26184621748322,138.8171542923111,145.24927730077232,200.0,160.0,150.0,160.0,142.85714285714286
dynamix_components_1,original4ch,dynamix_model_out_std_mean,986,"F7,P8,T7,O2",23,9,136.9211862401308,138.75088742120775,136.9211862401308,136.9211862401308,145.76435021886456,111.11111111111111,111.11111111111111,111.11111111111111,111.11111111111111,111.11111111111111
dynamix_components_1,original4ch,dynamix_model_out_std_mean,1015,"F7,P8,T7,O2",23,9,130.4167053876356,125.54211243446593,131.51796407606497,134.70783070789838,124.23743726747472,120.0,150.0,133.33333333333331,133.33333333333331,120.0
dynamix_components_1,original4ch,dynamix_model_out_std_mean,1044,"F7,P8,T7,O2",23,9,134.50227483659725,130.50669581303427,136.1149265045409,140.63017668607634,145.87111597163454,100.0,114.28571428571428,125.0,142.85714285714286,111.11111111111111
dynamix_components_1,original4ch,dynamix_model_out_std_mean,1073,"F7,P8,T7,O2",23,9,138.76559515311024,139.11972594441795,139.4663841896551,139.4663841896551,143.47636971538384,133.33333333333331,133.33333333333331,133.33333333333331,133.33333333333331,120.0
dynamix_components_1,original4ch,dynamix_model_out_std_mean,1102,"F7,P8,T7,O2",23,9,119.34437292358804,134.8105007353617,124.14217812265566,134.36172379647192,116.3316943693199,166.66666666666669,166.66666666666669,166.66666666666669,166.66666666666669,150.0
dynamix_components_1,original4ch,dynamix_model_out_std_mean,1131,"F7,P8,T7,O2",23,9,120.91442914617204,140.0540034586536,126.80262077010966,140.0540034586536,144.89657691829373,142.85714285714286,114.28571428571428,125.0,114.28571428571428,100.0
dynamix_components_1,original4ch,dynamix_model_out_std_mean,1160,"F7,P8,T7,O2",23,9,138.65012294328523,131.59585493184773,144.7807821119899,138.0710941882038,125.19286555529992,114.28571428571428,100.0,100.0,114.28571428571428,111.11111111111111
dynamix_components_1,original4ch,dynamix_model_out_std_mean,1189,"F7,P8,T7,O2",23,9,133.73032027349197,132.35993657505287,133.73032027349197,133.73032027349197,145.75759024049137,160.0,166.66666666666669,160.0,160.0,125.0
dynamix_components_1,original4ch,dynamix_model_out_std_mean,1218,"F7,P8,T7,O2",23,9,134.7941751187629,142.73846327983054,134.7941751187629,143.44243398857452,151.31143498625664,88.88888888888889,100.0,88.88888888888889,88.88888888888889,100.0
dynamix_components_1,original4ch,dynamix_model_out_std_mean,1247,"F7,P8,T7,O2",23,9,135.1387072370716,135.1387072370716,127.76257027561334,138.9516321565404,144.61205440331625,100.0,100.0,100.0,133.33333333333331,100.0
dynamix_components_1,original4ch,dynamix_model_out_std_mean,1276,"F7,P8,T7,O2",23,9,130.2830574178634,134.37805187843117,130.97191813038197,135.9955630828688,119.47661617295003,200.0,160.0,200.0,160.0,171.42857142857142
dynamix_components_1,original4ch,dynamix_model_out_std_mean,1305,"F7,P8,T7,O2",23,9,136.09453554123633,144.4955690040514,141.2231174412039,144.42318424750175,121.39153384977585,100.0,120.0,100.0,120.0,125.0
dynamix_components_1,original4ch,dynamix_model_out_std_mean,1334,"F7,P8,T7,O2",23,9,138.58776102317137,140.60626278745673,138.58776102317137,138.58776102317137,146.41092084702058,100.0,88.88888888888889,100.0,100.0,90.9090909090909
dynamix_components_1,original4ch,dynamix_model_out_std_mean,1363,"F7,P8,T7,O2",23,9,135.9445931357114,133.4452324476431,129.76033927432394,143.65856708698277,149.8228774962579,125.0,120.0,120.0,114.28571428571428,100.0
dynamix_components_1,original4ch,dynamix_model_out_std_mean,1392,"F7,P8,T7,O2",23,9,132.76083008949269,141.62301457562108,133.02904783193642,140.3404667248828,148.12427813050738,100.0,80.0,100.0,100.0,114.28571428571428
dynamix_components_1,original4ch,dynamix_model_out_std_mean,1421,"F7,P8,T7,O2",23,9,133.1183073008595,136.25558623093877,132.336031167042,139.85795712734284,147.796434169279,125.0,125.0,125.0,125.0,125.0
dynamix_components_1,original4ch,dynamix_model_out_std_mean,1450,"F7,P8,T7,O2",23,9,135.02675739957715,136.61632405199947,135.02675739957715,136.0054295598693,141.19511398540033,166.66666666666669,166.66666666666669,166.66666666666669,166.66666666666669,111.11111111111111
dynamix_components_1,original4ch,dynamix_model_out_std_mean,1479,"F7,P8,T7,O2",23,9,130.870312069124,130.870312069124,139.983999222274,134.374355437529,122.81427399760388,111.11111111111111,111.11111111111111,114.28571428571428,114.28571428571428,120.0
dynamix_components_1,original4ch,dynamix_model_out_std_mean,1508,"F7,P8,T7,O2",23,9,136.15295790016074,133.09766137620204,139.74584148968898,139.73476434688735,146.7164272604472,85.71428571428571,66.66666666666666,85.71428571428571,85.71428571428571,109.09090909090908
dynamix_components_1,original4ch,dynamix_model_out_std_mean,1537,"F7,P8,T7,O2",23,9,135.40058541685818,137.61472424138628,133.76687727615476,135.40058541685818,147.91766394996853,150.0,160.0,200.0,150.0,160.0
dynamix_components_1,original4ch,dynamix_model_out_std_mean,1566,"F7,P8,T7,O2",23,9,139.37490441275696,139.47360554350513,134.8136319005352,141.43974654536038,144.96945641567734,85.71428571428571,85.71428571428571,100.0,100.0,88.88888888888889
dynamix_components_1,original4ch,dynamix_model_out_std_mean,1595,"F7,P8,T7,O2",23,9,136.69928876734994,129.38947790871777,138.21011237246069,138.51604877493656,150.19820295983087,114.28571428571428,133.33333333333331,114.28571428571428,114.28571428571428,125.0
dynamix_components_1,original4ch,dynamix_model_out_std_mean,1624,"F7,P8,T7,O2",23,9,130.5588470981382,129.03401000992363,129.04434575788216,138.09454892911174,145.91909784876094,111.11111111111111,125.0,111.11111111111111,125.0,120.0
dynamix_components_1,original4ch,dynamix_model_out_std_mean,1653,"F7,P8,T7,O2",23,9,140.64144662858172,139.4473265091539,137.29455319389913,137.29455319389913,147.7237723767984,114.28571428571428,100.0,100.0,100.0,114.28571428571428
dynamix_components_1,original4ch,dynamix_model_out_std_mean,1682,"F7,P8,T7,O2",23,9,130.46006319262133,138.15606480626488,128.91724917524334,137.9875864624506,145.49869859188638,85.71428571428571,133.33333333333331,133.33333333333331,133.33333333333331,100.0
dynamix_components_1,original4ch,dynamix_model_out_std_mean,1711,"F7,P8,T7,O2",23,9,128.60570167951363,128.60570167951363,122.09068486294944,129.09493451729352,121.21861792420314,133.33333333333331,133.33333333333331,150.0,171.42857142857142,120.0
dynamix_components_1,original4ch,dynamix_model_out_std_mean,1740,"F7,P8,T7,O2",23,9,125.34353439735804,125.57267010984467,135.45330168285835,141.9263123486365,123.20578820552595,142.85714285714286,142.85714285714286,160.0,133.33333333333331,120.0
dynamix_components_1,original4ch,dynamix_model_out_std_mean,1769,"F7,P8,T7,O2",23,9,138.47482469092074,139.94128979749638,138.1676866713735,138.1676866713735,147.60223255944402,120.0,111.11111111111111,111.11111111111111,111.11111111111111,120.0
dynamix_components_1,original4ch,dynamix_model_out_std_mean,1798,"F7,P8,T7,O2",23,9,130.61816114376842,137.45484908461157,137.19242584638766,137.19242584638766,122.03255083614866,133.33333333333331,133.33333333333331,133.33333333333331,133.33333333333331,133.33333333333331
dynamix_components_1,original4ch,dynamix_model_out_std_mean,1827,"F7,P8,T7,O2",23,9,141.28341299751816,141.28341299751816,140.2193498316189,141.21603460719285,147.41891143899775,100.0,100.0,100.0,100.0,100.0
dynamix_components_1,original4ch,dynamix_model_out_std_mean,1856,"F7,P8,T7,O2",23,9,130.15717671033286,139.89360757589685,131.52599742511646,140.04936799964014,139.78074843336765,114.28571428571428,150.0,100.0,150.0,114.28571428571428
dynamix_components_1,original4ch,dynamix_model_out_std_mean,1885,"F7,P8,T7,O2",23,9,134.40930593673264,138.09898329678413,128.54760511380917,137.25382617887675,147.54545748724246,133.33333333333331,133.33333333333331,125.0,133.33333333333331,111.11111111111111
dynamix_components_1,original4ch,dynamix_model_out_std_mean,1914,"F7,P8,T7,O2",23,9,134.39691168289545,134.39691168289545,139.1272284440889,134.94736448849608,142.75197912552562,133.33333333333331,133.33333333333331,133.33333333333331,133.33333333333331,125.0
dynamix_components_1,original4ch,dynamix_model_out_std_mean,1943,"F7,P8,T7,O2",23,9,133.76979374096405,133.61337209302326,137.9306373982277,137.9306373982277,144.2757542753429,114.28571428571428,114.28571428571428,114.28571428571428,114.28571428571428,114.28571428571428
dynamix_components_1,original4ch,dynamix_model_out_std_mean,1972,"F7,P8,T7,O2",23,9,130.65149125304134,128.1878696977194,131.95116627012268,134.98026187106802,125.31986892151835,120.0,120.0,133.33333333333331,133.33333333333331,109.09090909090908
dynamix_components_1,original4ch,dynamix_model_out_std_mean,2001,"F7,P8,T7,O2",23,9,137.84741745760425,138.05034355179703,137.84741745760425,137.84741745760425,147.525493198427,142.85714285714286,142.85714285714286,142.85714285714286,142.85714285714286,133.33333333333331
dynamix_components_1,original4ch,dynamix_model_out_std_mean,2030,"F7,P8,T7,O2",23,9,130.32695588978765,126.60485869445208,129.7600997334314,138.615221987315,144.65139031780308,133.33333333333331,133.33333333333331,142.85714285714286,142.85714285714286,142.85714285714286
dynamix_components_1,original4ch,dynamix_model_out_std_mean,2059,"F7,P8,T7,O2",23,9,135.20234190399202,146.0167542959339,135.20234190399202,143.84741866248547,147.89748386558364,100.0,114.28571428571428,100.0,114.28571428571428,100.0
dynamix_components_1,original4ch,dynamix_model_out_std_mean,2088,"F7,P8,T7,O2",23,9,131.91382945935845,140.55556741034496,132.82546374951124,139.67841355262075,119.52135383093918,120.0,125.0,120.0,125.0,133.33333333333331
dynamix_components_1,original4ch,dynamix_model_out_std_mean,2117,"F7,P8,T7,O2",23,9,132.88056395431428,141.24567046016824,132.88056395431428,140.56745330159805,122.75427860710012,120.0,200.0,120.0,200.0,133.33333333333331
dynamix_components_1,original4ch,dynamix_model_out_std_mean,2146,"F7,P8,T7,O2",23,9,137.03917606660275,137.59759136212625,137.03917606660275,137.03917606660275,146.35048000277857,133.33333333333331,133.33333333333331,133.33333333333331,133.33333333333331,88.88888888888889
dynamix_components_1,original4ch,dynamix_model_out_std_mean,2175,"F7,P8,T7,O2",23,9,139.3272865791659,142.54247612274673,137.9531906866065,142.81897750252782,143.33087660814772,150.0,120.0,120.0,120.0,133.33333333333331
dynamix_components_1,original4ch,dynamix_model_out_std_mean,2204,"F7,P8,T7,O2",23,9,128.0621331398632,136.0435226848764,132.00670074391468,137.61442023064882,147.66267427076093,133.33333333333331,111.11111111111111,142.85714285714286,111.11111111111111,111.11111111111111
dynamix_components_1,original4ch,dynamix_model_out_std_mean,2233,"F7,P8,T7,O2",23,9,125.6929112818489,126.66187688133594,127.31451865405828,135.8084783073186,144.32316278075646,142.85714285714286,160.0,200.0,166.66666666666669,133.33333333333331
dynamix_components_1,original4ch,dynamix_model_out_std_mean,2262,"F7,P8,T7,O2",23,9,139.16522968499334,138.98945704490203,138.98945704490203,138.98945704490203,147.63909782078386,100.0,80.0,80.0,80.0,88.88888888888889
dynamix_components_1,original4ch,dynamix_model_out_std_mean,2291,"F7,P8,T7,O2",23,9,138.60517642115215,137.30417403943378,138.60517642115215,137.3446043539799,147.86891624494547,125.0,125.0,125.0,125.0,111.11111111111111
dynamix_components_1,original4ch,dynamix_model_out_std_mean,2320,"F7,P8,T7,O2",23,9,133.9865796488648,138.216850539689,136.53539218080286,139.3749385417179,148.44567261846117,75.0,125.0,75.0,125.0,109.09090909090908
dynamix_components_1,original4ch,dynamix_model_out_std_mean,2349,"F7,P8,T7,O2",23,9,136.1439479619836,138.71481897463002,136.1439479619836,137.67832521371452,119.4404429326756,150.0,150.0,150.0,150.0,150.0
dynamix_components_1,original4ch,dynamix_model_out_std_mean,2378,"F7,P8,T7,O2",23,9,130.59194833185123,128.06773462860096,130.5197945657814,136.0368559973664,146.2001045592426,125.0,133.33333333333331,114.28571428571428,125.0,125.0
dynamix_components_1,original4ch,dynamix_model_out_std_mean,2407,"F7,P8,T7,O2",23,9,133.87451292676892,142.28104898565067,140.38351598567544,140.38351598567544,145.61787871310725,133.33333333333331,100.0,100.0,100.0,120.0
dynamix_components_1,original4ch,dynamix_model_out_std_mean,2436,"F7,P8,T7,O2",23,9,136.0453297965937,139.7137137624117,134.2511181297673,139.39077278407837,145.78576708852432,100.0,133.33333333333331,114.28571428571428,133.33333333333331,111.11111111111111
dynamix_components_1,original4ch,dynamix_model_out_std_mean,2465,"F7,P8,T7,O2",23,9,141.85833996236616,140.50239466374916,142.11271728147562,142.11271728147562,143.2041891809578,200.0,200.0,200.0,200.0,200.0
dynamix_components_1,original4ch,dynamix_model_out_std_mean,2494,"F7,P8,T7,O2",23,9,142.57040513833994,142.069899577167,135.67257666834752,142.57040513833994,148.5575129384979,120.0,120.0,120.0,120.0,100.0
dynamix_components_1,original4ch,dynamix_model_out_std_mean,2523,"F7,P8,T7,O2",23,9,121.80045011252814,133.88151099473316,132.61852559948005,135.08501641851467,144.64013237546592,142.85714285714286,142.85714285714286,133.33333333333331,142.85714285714286,125.0
dynamix_components_1,original4ch,dynamix_model_out_std_mean,2552,"F7,P8,T7,O2",23,9,132.63909306097688,141.73798335294205,133.6920988434836,136.80595120430146,123.85389227766325,100.0,111.11111111111111,100.0,111.11111111111111,109.09090909090908
dynamix_components_1,original4ch,dynamix_model_out_std_mean,2581,"F7,P8,T7,O2",23,9,137.72169739224492,137.959895118648,133.48249699130182,140.72669792749764,141.272698869828,133.33333333333331,160.0,125.0,200.0,125.0
dynamix_components_1,original4ch,dynamix_model_out_std_mean,2610,"F7,P8,T7,O2",23,9,131.00921177147586,139.050135910601,139.0143855133744,139.0143855133744,148.8985435611877,111.11111111111111,85.71428571428571,85.71428571428571,85.71428571428571,111.11111111111111
dynamix_components_1,original4ch,dynamix_model_out_std_mean,2639,"F7,P8,T7,O2",23,9,128.0021644337715,132.92359081581895,126.63855190582873,135.7003294724633,144.39699963169525,100.0,150.0,100.0,150.0,114.28571428571428
dynamix_components_1,original4ch,dynamix_model_out_std_mean,2668,"F7,P8,T7,O2",23,9,129.01563174159728,136.34549523392803,129.28143778177287,136.07988493260578,140.29462983888607,142.85714285714286,142.85714285714286,166.66666666666669,142.85714285714286,200.0
dynamix_components_1,original4ch,dynamix_model_out_std_mean,2697,"F7,P8,T7,O2",23,9,137.1153210887949,139.78550934115717,136.35939223503996,136.35939223503996,143.13951221900282,125.0,125.0,125.0,125.0,166.66666666666669
dynamix_components_1,original4ch,dynamix_model_out_std_mean,2726,"F7,P8,T7,O2",23,9,129.11576933040303,129.53458080204564,137.3457320295983,136.85071330256025,147.73983612920648,125.0,125.0,111.11111111111111,125.0,111.11111111111111
dynamix_components_1,original4ch,dynamix_model_out_std_mean,2755,"F7,P8,T7,O2",23,9,131.2888239294658,138.06922138623844,133.07340324813987,138.31764098529916,143.36513347465262,133.33333333333331,166.66666666666669,133.33333333333331,142.85714285714286,125.0
dynamix_components_1,original4ch,dynamix_model_out_std_mean,2784,"F7,P8,T7,O2",23,9,127.61271012679362,127.61271012679362,138.16013547038574,138.16013547038574,120.35797731201075,125.0,125.0,125.0,125.0,120.0
dynamix_components_1,original4ch,dynamix_model_out_std_mean,2813,"F7,P8,T7,O2",23,9,126.90148237376468,125.19595568174485,132.59547450058247,141.47760735564646,124.61387314126323,125.0,133.33333333333331,125.0,125.0,133.33333333333331
dynamix_components_1,original4ch,dynamix_model_out_std_mean,2842,"F7,P8,T7,O2",23,9,133.97120774435172,133.81911718400642,133.97120774435172,133.97120774435172,146.90037642276366,133.33333333333331,133.33333333333331,133.33333333333331,133.33333333333331,142.85714285714286
dynamix_components_1,original4ch,dynamix_model_out_std_mean,2871,"F7,P8,T7,O2",23,9,127.15325849821929,123.13160676532769,130.65676992370624,135.63674855225665,145.8222088998404,125.0,133.33333333333331,133.33333333333331,142.85714285714286,100.0
dynamix_components_1,original4ch,dynamix_model_out_std_mean,2900,"F7,P8,T7,O2",23,9,126.8768640534094,136.3690770568574,136.86160591178285,136.86160591178285,144.86827325884295,125.0,120.0,120.0,120.0,150.0
dynamix_components_1,original4ch,dynamix_w_exp_std_mean,29,"F7,P8,T7,O2",163,10,146.48078665520526,126.28194221854503,146.92185930020662,144.54654509711355,150.28440741924382,150.0,100.0,150.0,160.0,133.33333333333331
dynamix_components_1,original4ch,dynamix_w_exp_std_mean,58,"F7,P8,T7,O2",163,10,141.52642706131076,126.84042502075314,135.5690842056412,151.05630272232474,158.93443652597477,133.33333333333331,120.0,160.0,85.71428571428571,100.0
dynamix_components_1,original4ch,dynamix_w_exp_std_mean,87,"F7,P8,T7,O2",163,10,147.81023712532505,134.00788682142561,161.41380804018505,149.72555804120162,137.17512751540443,114.28571428571428,85.71428571428571,120.0,114.28571428571428,100.0
dynamix_components_1,original4ch,dynamix_w_exp_std_mean,116,"F7,P8,T7,O2",163,10,151.70483086278404,151.66596095339713,155.41591244953227,152.641010305484,151.61612560097586,100.0,100.0,100.0,100.0,100.0
dynamix_components_1,original4ch,dynamix_w_exp_std_mean,145,"F7,P8,T7,O2",163,10,145.34109785563274,145.59593023255815,145.34109785563274,145.34109785563274,149.87184024266935,111.11111111111111,111.11111111111111,111.11111111111111,111.11111111111111,100.0
dynamix_components_1,original4ch,dynamix_w_exp_std_mean,174,"F7,P8,T7,O2",163,10,166.34994234095717,131.6220806712003,147.03326989158558,153.33055620383846,134.95431338497343,100.0,100.0,100.0,88.88888888888889,100.0
dynamix_components_1,original4ch,dynamix_w_exp_std_mean,203,"F7,P8,T7,O2",163,10,129.5238007345794,130.85337985757508,147.39019878306607,147.20303358080534,133.86642443913564,75.0,75.0,100.0,114.28571428571428,133.33333333333331
dynamix_components_1,original4ch,dynamix_w_exp_std_mean,232,"F7,P8,T7,O2",163,10,148.63813324860774,146.31196400863612,150.44549548833515,147.81700797000516,128.19407208847107,133.33333333333331,100.0,100.0,100.0,160.0
dynamix_components_1,original4ch,dynamix_w_exp_std_mean,261,"F7,P8,T7,O2",163,10,149.34481885158903,151.243015705225,148.9518141110659,152.61947190247258,153.6382606632137,100.0,100.0,80.0,100.0,100.0
dynamix_components_1,original4ch,dynamix_w_exp_std_mean,290,"F7,P8,T7,O2",163,10,125.3786374141531,125.3786374141531,147.5154358062656,147.5154358062656,153.02923735368432,160.0,160.0,160.0,160.0,100.0
dynamix_components_1,original4ch,dynamix_w_exp_std_mean,319,"F7,P8,T7,O2",163,10,139.69545343091855,148.39415120233775,138.63576302133384,145.32218226828354,148.2417583171887,160.0,150.0,114.28571428571428,150.0,114.28571428571428
dynamix_components_1,original4ch,dynamix_w_exp_std_mean,348,"F7,P8,T7,O2",163,10,158.40550437934158,147.97494409351162,132.675212844406,147.7856420626896,154.06663661873492,133.33333333333331,150.0,133.33333333333331,150.0,66.66666666666666
dynamix_components_1,original4ch,dynamix_w_exp_std_mean,377,"F7,P8,T7,O2",163,10,145.90398337127988,132.85176174008825,145.90398337127988,148.14147874280079,134.20786996311233,109.09090909090908,114.28571428571428,109.09090909090908,120.0,109.09090909090908
dynamix_components_1,original4ch,dynamix_w_exp_std_mean,406,"F7,P8,T7,O2",163,10,138.71266111982538,144.37394996276527,140.10338809966106,144.17751149269876,126.34584891852333,200.0,166.66666666666669,171.42857142857142,171.42857142857142,109.09090909090908
dynamix_components_1,original4ch,dynamix_w_exp_std_mean,435,"F7,P8,T7,O2",163,10,131.09325749567557,133.5959938580803,136.6147374378676,144.92657052250075,132.1457066773218,85.71428571428571,100.0,200.0,133.33333333333331,120.0
dynamix_components_1,original4ch,dynamix_w_exp_std_mean,464,"F7,P8,T7,O2",163,10,155.03973497432798,145.3408762622615,146.4522549899781,145.769525136597,133.53568027244805,111.11111111111111,114.28571428571428,114.28571428571428,114.28571428571428,100.0
dynamix_components_1,original4ch,dynamix_w_exp_std_mean,493,"F7,P8,T7,O2",163,10,141.1315777600165,143.11070216965294,140.97667221213734,144.08889713519602,145.65305932097996,200.0,120.0,200.0,120.0,160.0
dynamix_components_1,original4ch,dynamix_w_exp_std_mean,522,"F7,P8,T7,O2",163,10,150.29902794374482,130.3052152560544,140.08835163667223,149.61302080647658,138.29847998833563,160.0,114.28571428571428,133.33333333333331,125.0,100.0
dynamix_components_1,original4ch,dynamix_w_exp_std_mean,551,"F7,P8,T7,O2",163,10,136.4875855244191,141.1771368166717,142.11265189042803,142.15631179555317,146.27841679691323,171.42857142857142,150.0,133.33333333333331,150.0,125.0
dynamix_components_1,original4ch,dynamix_w_exp_std_mean,580,"F7,P8,T7,O2",163,10,141.03142868297138,142.1825987020011,151.03563638246965,141.5985011160139,145.5801886389766,150.0,133.33333333333331,133.33333333333331,133.33333333333331,133.33333333333331
dynamix_components_1,original4ch,dynamix_w_exp_std_mean,609,"F7,P8,T7,O2",163,10,142.21267532543544,127.60037483364802,145.3310283657591,147.51226970703715,151.32968788493227,150.0,100.0,142.85714285714286,150.0,166.66666666666669
dynamix_components_1,original4ch,dynamix_w_exp_std_mean,638,"F7,P8,T7,O2",163,10,150.04891329765354,149.2707512423176,150.04891329765354,150.04891329765354,150.97341352392402,114.28571428571428,114.28571428571428,114.28571428571428,114.28571428571428,114.28571428571428
dynamix_components_1,original4ch,dynamix_w_exp_std_mean,667,"F7,P8,T7,O2",163,10,163.3530257991702,148.89492840668845,142.63493547531385,148.68710197926737,134.77386844128387,100.0,40.0,0.0,40.0,85.71428571428571
dynamix_components_1,original4ch,dynamix_w_exp_std_mean,696,"F7,P8,T7,O2",163,10,137.97635739496206,144.02217914622832,142.1182815823464,142.1182815823464,124.84867296950952,166.66666666666669,150.0,150.0,150.0,150.0
dynamix_components_1,original4ch,dynamix_w_exp_std_mean,725,"F7,P8,T7,O2",163,10,139.38590560144357,143.71301528379678,139.38590560144357,145.05061881851742,148.4478139696682,142.85714285714286,142.85714285714286,142.85714285714286,142.85714285714286,150.0
dynamix_components_1,original4ch,dynamix_w_exp_std_mean,754,"F7,P8,T7,O2",163,10,148.56748063715048,149.44268711648533,148.56748063715048,151.44780826995412,134.15138917133177,114.28571428571428,100.0,114.28571428571428,100.0,111.11111111111111
dynamix_components_1,original4ch,dynamix_w_exp_std_mean,783,"F7,P8,T7,O2",163,10,155.51564934071436,141.42038590373687,140.67244440188284,140.67244440188284,148.27367752237865,142.85714285714286,166.66666666666669,166.66666666666669,166.66666666666669,125.0
dynamix_components_1,original4ch,dynamix_w_exp_std_mean,812,"F7,P8,T7,O2",163,10,143.394800922434,145.6941555478973,143.354787303779,144.68455698635404,130.54308317599575,114.28571428571428,150.0,114.28571428571428,150.0,114.28571428571428
dynamix_components_1,original4ch,dynamix_w_exp_std_mean,841,"F7,P8,T7,O2",163,10,126.80614662643038,126.53934820745805,141.87694572868992,141.87694572868992,124.91941279785392,125.0,125.0,171.42857142857142,171.42857142857142,142.85714285714286
dynamix_components_1,original4ch,dynamix_w_exp_std_mean,870,"F7,P8,T7,O2",163,10,146.29301800392437,146.29301800392437,148.05020062423873,144.9146783449109,149.57855330652234,125.0,125.0,100.0,125.0,100.0
dynamix_components_1,original4ch,dynamix_w_exp_std_mean,899,"F7,P8,T7,O2",163,10,141.47909342888045,139.63157845061914,153.51713983690726,141.47909342888045,147.06678239499246,166.66666666666669,171.42857142857142,125.0,166.66666666666669,125.0
dynamix_components_1,original4ch,dynamix_w_exp_std_mean,928,"F7,P8,T7,O2",163,10,151.1241525114821,147.0493863765276,149.47016608553633,147.11493837982778,134.24080025761702,66.66666666666666,133.33333333333331,120.0,133.33333333333331,133.33333333333331
dynamix_components_1,original4ch,dynamix_w_exp_std_mean,957,"F7,P8,T7,O2",163,10,152.4415311527451,148.53085488828663,138.67288352120497,148.5263446643463,153.1919852691513,133.33333333333331,114.28571428571428,142.85714285714286,114.28571428571428,111.11111111111111
dynamix_components_1,original4ch,dynamix_w_exp_std_mean,986,"F7,P8,T7,O2",163,10,134.10782204544816,142.95971382783262,131.7234972459618,144.56006115492414,146.4341210811352,171.42857142857142,150.0,171.42857142857142,150.0,125.0
dynamix_components_1,original4ch,dynamix_w_exp_std_mean,1015,"F7,P8,T7,O2",163,10,160.2029399608959,147.49209029767735,145.04374672355522,145.04374672355522,134.87067021372008,133.33333333333331,133.33333333333331,133.33333333333331,133.33333333333331,133.33333333333331
dynamix_components_1,original4ch,dynamix_w_exp_std_mean,1044,"F7,P8,T7,O2",163,10,146.28511337770158,146.44781622234825,146.28511337770158,146.85864200559232,130.19553061926763,150.0,120.0,150.0,133.33333333333331,100.0
dynamix_components_1,original4ch,dynamix_w_exp_std_mean,1073,"F7,P8,T7,O2",163,10,148.03146328817454,146.9357361473032,148.03146328817454,148.03146328817454,153.6353684232855,120.0,120.0,120.0,120.0,120.0
dynamix_components_1,original4ch,dynamix_w_exp_std_mean,1102,"F7,P8,T7,O2",163,10,141.22250157133877,138.25598490266543,142.29300282480855,139.5527493111589,132.72695894633992,133.33333333333331,166.66666666666669,100.0,166.66666666666669,125.0
dynamix_components_1,original4ch,dynamix_w_exp_std_mean,1131,"F7,P8,T7,O2",163,10,147.32822378026935,148.569463932498,150.2425968354491,147.32822378026935,155.2310830249123,160.0,160.0,200.0,160.0,100.0
dynamix_components_1,original4ch,dynamix_w_exp_std_mean,1160,"F7,P8,T7,O2",163,10,143.4604922870663,143.17676297043852,143.4604922870663,146.81114729775973,147.4802000325256,100.0,120.0,100.0,100.0,114.28571428571428
dynamix_components_1,original4ch,dynamix_w_exp_std_mean,1189,"F7,P8,T7,O2",163,10,140.98402837944812,140.66711608854715,137.92342179750008,141.59854255217272,121.43504327038698,200.0,200.0,200.0,200.0,166.66666666666669
dynamix_components_1,original4ch,dynamix_w_exp_std_mean,1218,"F7,P8,T7,O2",163,10,147.45373548227673,147.45373548227673,147.46107156585487,147.46107156585487,150.45507399577167,100.0,100.0,100.0,100.0,80.0
dynamix_components_1,original4ch,dynamix_w_exp_std_mean,1247,"F7,P8,T7,O2",163,10,142.57738742285866,126.42663640362764,137.76083661460578,139.4960445915102,121.4799276018773,200.0,114.28571428571428,166.66666666666669,200.0,166.66666666666669
dynamix_components_1,original4ch,dynamix_w_exp_std_mean,1276,"F7,P8,T7,O2",163,10,138.8190731159639,145.56704922983994,149.25531702022553,145.65164585678593,143.13718819777057,133.33333333333331,133.33333333333331,133.33333333333331,133.33333333333331,125.0
dynamix_components_1,original4ch,dynamix_w_exp_std_mean,1305,"F7,P8,T7,O2",163,10,126.60775205238735,127.63047932511464,131.77968171554286,148.24022110933956,129.37918686346057,114.28571428571428,114.28571428571428,150.0,125.0,125.0
dynamix_components_1,original4ch,dynamix_w_exp_std_mean,1334,"F7,P8,T7,O2",163,10,150.27870385428525,149.3365139457622,150.27870385428525,150.47002416188462,153.0230252800144,85.71428571428571,114.28571428571428,85.71428571428571,114.28571428571428,85.71428571428571
dynamix_components_1,original4ch,dynamix_w_exp_std_mean,1363,"F7,P8,T7,O2",163,10,163.21679823784876,148.16682229580823,154.8802010610308,147.7566871955143,155.279107884653,100.0,120.0,120.0,120.0,120.0
dynamix_components_1,original4ch,dynamix_w_exp_std_mean,1392,"F7,P8,T7,O2",163,10,143.11162532872686,145.9305014381238,162.83041377227423,145.96367295495202,147.8591444660609,133.33333333333331,166.66666666666669,133.33333333333331,160.0,114.28571428571428
dynamix_components_1,original4ch,dynamix_w_exp_std_mean,1421,"F7,P8,T7,O2",163,10,127.7395238771013,127.7395238771013,142.49207188160676,147.88277412347443,152.23596765955165,114.28571428571428,114.28571428571428,142.85714285714286,125.0,125.0
dynamix_components_1,original4ch,dynamix_w_exp_std_mean,1450,"F7,P8,T7,O2",163,10,149.132592450091,147.95507721858405,143.29648542866516,149.4225643204821,153.50095191353498,200.0,200.0,100.0,200.0,200.0
dynamix_components_1,original4ch,dynamix_w_exp_std_mean,1479,"F7,P8,T7,O2",163,10,164.84656759109563,127.36018639897887,147.0217588176146,146.63137936968386,150.5664132820597,111.11111111111111,111.11111111111111,111.11111111111111,111.11111111111111,111.11111111111111
dynamix_components_1,original4ch,dynamix_w_exp_std_mean,1508,"F7,P8,T7,O2",163,10,140.7147318854507,146.72380055382692,145.25205066864442,145.0597877732024,130.90739841735868,120.0,142.85714285714286,100.0,133.33333333333331,125.0
dynamix_components_1,original4ch,dynamix_w_exp_std_mean,1537,"F7,P8,T7,O2",163,10,144.86826665960245,145.9052384087835,144.77181398457904,145.3305906250065,134.1376848329719,133.33333333333331,142.85714285714286,142.85714285714286,142.85714285714286,125.0
dynamix_components_1,original4ch,dynamix_w_exp_std_mean,1566,"F7,P8,T7,O2",163,10,160.63790418378386,141.86518423437028,142.10788930759514,142.10788930759514,147.7424530801382,109.09090909090908,133.33333333333331,133.33333333333331,133.33333333333331,125.0
dynamix_components_1,original4ch,dynamix_w_exp_std_mean,1595,"F7,P8,T7,O2",163,10,148.77610761331692,146.08672712155536,147.8615534175127,146.60404937582916,131.90821242710777,133.33333333333331,125.0,133.33333333333331,142.85714285714286,111.11111111111111
dynamix_components_1,original4ch,dynamix_w_exp_std_mean,1624,"F7,P8,T7,O2",163,10,135.70461152219875,134.24251999264635,148.96222316267244,143.47870645840385,135.81065967496662,100.0,100.0,85.71428571428571,100.0,100.0
dynamix_components_1,original4ch,dynamix_w_exp_std_mean,1653,"F7,P8,T7,O2",163,10,144.69184817345985,144.69184817345985,165.48439940066686,148.62311727706066,152.8764987956363,120.0,120.0,133.33333333333331,120.0,120.0
dynamix_components_1,original4ch,dynamix_w_exp_std_mean,1682,"F7,P8,T7,O2",163,10,157.29997893783082,146.06583339690556,132.79900545760668,148.11391116995497,126.20400544663863,166.66666666666669,166.66666666666669,166.66666666666669,166.66666666666669,166.66666666666669
dynamix_components_1,original4ch,dynamix_w_exp_std_mean,1711,"F7,P8,T7,O2",163,10,145.48486578828147,142.7239693446089,135.78487667510564,143.16754979988815,143.18900202787245,200.0,160.0,166.66666666666669,160.0,150.0
dynamix_components_1,original4ch,dynamix_w_exp_std_mean,1740,"F7,P8,T7,O2",163,10,145.8129106783744,147.8515075395393,145.8345118234796,146.0935370641837,149.67225457736646,200.0,200.0,160.0,200.0,200.0
dynamix_components_1,original4ch,dynamix_w_exp_std_mean,1769,"F7,P8,T7,O2",163,10,144.5924077186716,144.28154454428272,144.5924077186716,144.5924077186716,149.60783390017463,125.0,125.0,125.0,125.0,111.11111111111111
dynamix_components_1,original4ch,dynamix_w_exp_std_mean,1798,"F7,P8,T7,O2",163,10,140.06264747893988,145.31598754336986,156.07365400817054,143.55300425642503,134.66385831583236,133.33333333333331,133.33333333333331,133.33333333333331,133.33333333333331,133.33333333333331
dynamix_components_1,original4ch,dynamix_w_exp_std_mean,1827,"F7,P8,T7,O2",163,10,145.80498219650607,129.51260948353973,146.0634195192514,146.10538114105768,133.04936798231927,150.0,100.0,150.0,142.85714285714286,150.0
dynamix_components_1,original4ch,dynamix_w_exp_std_mean,1856,"F7,P8,T7,O2",163,10,147.51811502087716,145.9789501479802,135.68260653130193,145.12724583980966,129.40310006478893,200.0,166.66666666666669,166.66666666666669,166.66666666666669,142.85714285714286
dynamix_components_1,original4ch,dynamix_w_exp_std_mean,1885,"F7,P8,T7,O2",163,10,158.44693097600074,150.27703187933173,143.7350927314021,149.2354533679851,135.0500683723782,66.66666666666666,100.0,66.66666666666666,100.0,80.0
dynamix_components_1,original4ch,dynamix_w_exp_std_mean,1914,"F7,P8,T7,O2",163,10,146.2228178797946,144.50919136544658,146.2228178797946,146.2228178797946,130.1488344504333,150.0,150.0,150.0,150.0,120.0
dynamix_components_1,original4ch,dynamix_w_exp_std_mean,1943,"F7,P8,T7,O2",163,10,143.89195854683953,142.91749204967397,147.5194649741503,143.89195854683953,145.72077668276614,150.0,150.0,166.66666666666669,150.0,150.0
dynamix_components_1,original4ch,dynamix_w_exp_std_mean,1972,"F7,P8,T7,O2",163,10,146.3908739627834,145.27484143763212,142.63764153792675,144.55451525218967,151.21233621517337,100.0,200.0,120.0,150.0,85.71428571428571
dynamix_components_1,original4ch,dynamix_w_exp_std_mean,2001,"F7,P8,T7,O2",163,10,139.1567325454221,146.40570781252987,150.4069869285411,150.4069869285411,158.8319465898722,111.11111111111111,111.11111111111111,100.0,100.0,109.09090909090908
dynamix_components_1,original4ch,dynamix_w_exp_std_mean,2030,"F7,P8,T7,O2",163,10,143.1184835433015,146.69814372144657,145.5597027108655,145.86826848581146,135.80310625835958,120.0,125.0,133.33333333333331,125.0,88.88888888888889
dynamix_components_1,original4ch,dynamix_w_exp_std_mean,2059,"F7,P8,T7,O2",163,10,144.67660521439592,143.68027754037155,152.2175983226387,143.54441408687046,146.91776076181,120.0,142.85714285714286,133.33333333333331,142.85714285714286,142.85714285714286
dynamix_components_1,original4ch,dynamix_w_exp_std_mean,2088,"F7,P8,T7,O2",163,10,142.94915857191802,142.04308560803472,142.94915857191802,142.94915857191802,124.79079720490925,166.66666666666669,160.0,166.66666666666669,166.66666666666669,166.66666666666669
dynamix_components_1,original4ch,dynamix_w_exp_std_mean,2117,"F7,P8,T7,O2",163,10,145.0471911809121,145.0471911809121,158.71605380096508,143.9816362653031,133.84924107867624,120.0,120.0,133.33333333333331,120.0,100.0
dynamix_components_1,original4ch,dynamix_w_exp_std_mean,2146,"F7,P8,T7,O2",163,10,149.2374086186206,149.50874772690312,149.2374086186206,149.2374086186206,155.40525031103567,125.0,125.0,125.0,125.0,125.0
dynamix_components_1,original4ch,dynamix_w_exp_std_mean,2175,"F7,P8,T7,O2",163,10,142.5024977069056,146.47080803433747,137.2441939945,142.67555119299305,146.78290946399702,133.33333333333331,120.0,114.28571428571428,120.0,133.33333333333331
dynamix_components_1,original4ch,dynamix_w_exp_std_mean,2204,"F7,P8,T7,O2",163,10,142.0692807534463,151.5649216597488,143.26708813264045,149.20811296770017,151.88828381539292,200.0,114.28571428571428,200.0,114.28571428571428,100.0
dynamix_components_1,original4ch,dynamix_w_exp_std_mean,2233,"F7,P8,T7,O2",163,10,138.05162916314663,141.97854400279243,130.89399634987797,139.30132190554764,154.81469333399096,171.42857142857142,200.0,166.66666666666669,200.0,133.33333333333331
dynamix_components_1,original4ch,dynamix_w_exp_std_mean,2262,"F7,P8,T7,O2",163,10,135.1692416616705,128.32858456766502,148.39745283785982,146.52562803894554,129.58007938904947,120.0,85.71428571428571,133.33333333333331,120.0,120.0
dynamix_components_1,original4ch,dynamix_w_exp_std_mean,2291,"F7,P8,T7,O2",163,10,139.042494600678,146.55752547511173,149.20775445484747,149.20775445484747,150.53039516546576,85.71428571428571,85.71428571428571,85.71428571428571,85.71428571428571,100.0
dynamix_components_1,original4ch,dynamix_w_exp_std_mean,2320,"F7,P8,T7,O2",163,10,142.18533125746853,142.18533125746853,160.83242974090086,143.8022191867329,131.0468706231652,142.85714285714286,142.85714285714286,200.0,142.85714285714286,111.11111111111111
dynamix_components_1,original4ch,dynamix_w_exp_std_mean,2349,"F7,P8,T7,O2",163,10,138.25062618922846,144.93465694827012,138.25062618922846,143.53276810398904,125.10920594453427,166.66666666666669,142.85714285714286,166.66666666666669,142.85714285714286,133.33333333333331
dynamix_components_1,original4ch,dynamix_w_exp_std_mean,2378,"F7,P8,T7,O2",163,10,147.85516051363425,144.36431427520913,147.85516051363425,145.8851131851699,146.7089363967694,120.0,100.0,120.0,100.0,125.0
dynamix_components_1,original4ch,dynamix_w_exp_std_mean,2407,"F7,P8,T7,O2",163,10,139.7106075645852,129.88108787070234,138.83547588968037,144.897565211306,131.13646813112138,200.0,66.66666666666666,200.0,150.0,120.0
dynamix_components_1,original4ch,dynamix_w_exp_std_mean,2436,"F7,P8,T7,O2",163,10,142.23351503148015,149.0531075198463,142.23351503148015,149.84641575298687,149.69654163715305,114.28571428571428,114.28571428571428,114.28571428571428,114.28571428571428,100.0
dynamix_components_1,original4ch,dynamix_w_exp_std_mean,2465,"F7,P8,T7,O2",163,10,140.6782382368848,140.6782382368848,136.1999780865567,142.28680823726324,128.43882962560338,200.0,200.0,142.85714285714286,200.0,166.66666666666669
dynamix_components_1,original4ch,dynamix_w_exp_std_mean,2494,"F7,P8,T7,O2",163,10,148.66794328350062,147.64653889303577,143.2628008321608,144.9486559951676,153.49054625814387,142.85714285714286,120.0,142.85714285714286,120.0,100.0
dynamix_components_1,original4ch,dynamix_w_exp_std_mean,2523,"F7,P8,T7,O2",163,10,142.12463764379348,142.12463764379348,160.365818774249,146.68327250825774,126.88447298032351,80.0,80.0,150.0,80.0,125.0
dynamix_components_1,original4ch,dynamix_w_exp_std_mean,2552,"F7,P8,T7,O2",163,10,142.31388483497403,142.04908826638479,142.31388483497403,142.31388483497403,147.1194748320239,133.33333333333331,120.0,133.33333333333331,133.33333333333331,100.0
dynamix_components_1,original4ch,dynamix_w_exp_std_mean,2581,"F7,P8,T7,O2",163,10,142.41752737017933,142.6549032362986,129.38102331072733,140.8975031989886,152.90531216160468,142.85714285714286,200.0,133.33333333333331,200.0,120.0
dynamix_components_1,original4ch,dynamix_w_exp_std_mean,2610,"F7,P8,T7,O2",163,10,143.85638011513,146.80976203353163,149.4495168554585,149.04868200465523,152.4914568034233,133.33333333333331,114.28571428571428,133.33333333333331,114.28571428571428,114.28571428571428
dynamix_components_1,original4ch,dynamix_w_exp_std_mean,2639,"F7,P8,T7,O2",163,10,148.78625814253672,144.9257067379586,151.31280313393856,145.1350859972341,129.5625804598958,160.0,200.0,166.66666666666669,200.0,171.42857142857142
dynamix_components_1,original4ch,dynamix_w_exp_std_mean,2668,"F7,P8,T7,O2",163,10,142.66150105504647,137.20175173663546,146.36267796364564,136.93448851205517,143.84627785414193,200.0,200.0,200.0,200.0,150.0
dynamix_components_1,original4ch,dynamix_w_exp_std_mean,2697,"F7,P8,T7,O2",163,10,157.90364989029007,142.02215687570947,144.28856791922885,143.0375111806798,149.77827067132012,171.42857142857142,171.42857142857142,171.42857142857142,171.42857142857142,166.66666666666669
dynamix_components_1,original4ch,dynamix_w_exp_std_mean,2726,"F7,P8,T7,O2",163,10,144.6083101082835,142.89841368990417,143.88504228329808,145.16526351555422,150.73936663724686,120.0,133.33333333333331,120.0,133.33333333333331,133.33333333333331
dynamix_components_1,original4ch,dynamix_w_exp_std_mean,2755,"F7,P8,T7,O2",163,10,146.08558132168457,145.25853442566304,146.08558132168457,146.08558132168457,148.32701455521226,133.33333333333331,133.33333333333331,133.33333333333331,133.33333333333331,125.0
dynamix_components_1,original4ch,dynamix_w_exp_std_mean,2784,"F7,P8,T7,O2",163,10,145.0853962830031,141.89066747206283,145.0853962830031,145.0853962830031,150.743545316185,133.33333333333331,133.33333333333331,133.33333333333331,133.33333333333331,120.0
dynamix_components_1,original4ch,dynamix_w_exp_std_mean,2813,"F7,P8,T7,O2",163,10,133.80444836382023,142.99482789733202,141.34210053984586,143.54328254625136,152.15965318699114,200.0,160.0,160.0,160.0,133.33333333333331
dynamix_components_1,original4ch,dynamix_w_exp_std_mean,2842,"F7,P8,T7,O2",163,10,143.149049351811,143.27042243166332,141.0550543291214,141.0550543291214,125.93241951367087,171.42857142857142,171.42857142857142,171.42857142857142,171.42857142857142,171.42857142857142
dynamix_components_1,original4ch,dynamix_w_exp_std_mean,2871,"F7,P8,T7,O2",163,10,138.9199651183609,140.4899730491514,138.9199651183609,138.9199651183609,126.97390675420051,166.66666666666669,166.66666666666669,166.66666666666669,166.66666666666669,171.42857142857142
dynamix_components_1,original4ch,dynamix_w_exp_std_mean,2900,"F7,P8,T7,O2",163,10,144.58545363341875,143.53082583711006,142.3767112248217,143.55577951543634,150.78866016290914,160.0,166.66666666666669,150.0,166.66666666666669,142.85714285714286
